subject,index,weight,i,j,k,x(mm),y(mm),z(mm)
16,263334,1.0000,71,60,27,-50,-8,-20
16,273070,1.0000,70,58,28,-48,-12,-18
16,273071,1.0000,71,58,28,-50,-12,-18
16,273161,1.0000,70,59,28,-48,-10,-18
16,273162,1.0000,71,59,28,-50,-10,-18
16,273253,1.0000,71,60,28,-50,-8,-18
16,273254,1.0000,72,60,28,-52,-8,-18
16,273621,1.0000,75,64,28,-58,0,-18
16,282990,1.0000,71,58,29,-50,-12,-16
16,282991,1.0000,72,58,29,-52,-12,-16
16,283081,1.0000,71,59,29,-50,-10,-16
16,283082,1.0000,72,59,29,-52,-10,-16
16,283173,1.0000,72,60,29,-52,-8,-16
16,302462,1.0000,69,54,31,-46,-20,-12
16,302463,1.0000,70,54,31,-48,-20,-12
16,302554,1.0000,70,55,31,-48,-18,-12
16,302555,1.0000,71,55,31,-50,-18,-12
16,302556,1.0000,72,55,31,-52,-18,-12
16,302557,1.0000,73,55,31,-54,-18,-12
16,304283,1.0000,70,74,31,-48,20,-12
16,312290,1.0000,69,53,32,-46,-22,-10
16,312380,1.0000,68,54,32,-44,-20,-10
16,312381,1.0000,69,54,32,-46,-20,-10
16,312382,1.0000,70,54,32,-48,-20,-10
16,312383,1.0000,71,54,32,-50,-20,-10
16,312384,1.0000,72,54,32,-52,-20,-10
16,312472,1.0000,69,55,32,-46,-18,-10
16,312473,1.0000,70,55,32,-48,-18,-10
16,312474,1.0000,71,55,32,-50,-18,-10
16,312475,1.0000,72,55,32,-52,-18,-10
16,312476,1.0000,73,55,32,-54,-18,-10
16,312477,1.0000,74,55,32,-56,-18,-10
16,312565,1.0000,71,56,32,-50,-16,-10
16,312566,1.0000,72,56,32,-52,-16,-10
16,312567,1.0000,73,56,32,-54,-16,-10
16,312568,1.0000,74,56,32,-56,-16,-10
16,312569,1.0000,75,56,32,-58,-16,-10
16,322208,1.0000,68,53,33,-44,-22,-8
16,322209,1.0000,69,53,33,-46,-22,-8
16,322210,1.0000,70,53,33,-48,-22,-8
16,322300,1.0000,69,54,33,-46,-20,-8
16,322301,1.0000,70,54,33,-48,-20,-8
16,322302,1.0000,71,54,33,-50,-20,-8
16,322303,1.0000,72,54,33,-52,-20,-8
16,322304,1.0000,73,54,33,-54,-20,-8
16,322305,1.0000,74,54,33,-56,-20,-8
16,322391,1.0000,69,55,33,-46,-18,-8
16,322392,1.0000,70,55,33,-48,-18,-8
16,322393,1.0000,71,55,33,-50,-18,-8
16,322394,1.0000,72,55,33,-52,-18,-8
16,322395,1.0000,73,55,33,-54,-18,-8
16,322396,1.0000,74,55,33,-56,-18,-8
16,322397,1.0000,75,55,33,-58,-18,-8
16,322398,1.0000,76,55,33,-60,-18,-8
16,322484,1.0000,71,56,33,-50,-16,-8
16,322485,1.0000,72,56,33,-52,-16,-8
16,322486,1.0000,73,56,33,-54,-16,-8
16,322487,1.0000,74,56,33,-56,-16,-8
16,322488,1.0000,75,56,33,-58,-16,-8
16,322489,1.0000,76,56,33,-60,-16,-8
16,322490,1.0000,77,56,33,-62,-16,-8
16,322578,1.0000,74,57,33,-56,-14,-8
16,322579,1.0000,75,57,33,-58,-14,-8
16,322580,1.0000,76,57,33,-60,-14,-8
16,322581,1.0000,77,57,33,-62,-14,-8
16,322671,1.0000,76,58,33,-60,-12,-8
16,331945,1.0000,68,51,34,-44,-26,-6
16,331946,1.0000,69,51,34,-46,-26,-6
16,332127,1.0000,68,53,34,-44,-22,-6
16,332128,1.0000,69,53,34,-46,-22,-6
16,332129,1.0000,70,53,34,-48,-22,-6
16,332130,1.0000,71,53,34,-50,-22,-6
16,332219,1.0000,69,54,34,-46,-20,-6
16,332220,1.0000,70,54,34,-48,-20,-6
16,332221,1.0000,71,54,34,-50,-20,-6
16,332222,1.0000,72,54,34,-52,-20,-6
16,332223,1.0000,73,54,34,-54,-20,-6
16,332224,1.0000,74,54,34,-56,-20,-6
16,332225,1.0000,75,54,34,-58,-20,-6
16,332226,1.0000,76,54,34,-60,-20,-6
16,332227,1.0000,77,54,34,-62,-20,-6
16,332311,1.0000,70,55,34,-48,-18,-6
16,332312,1.0000,71,55,34,-50,-18,-6
16,332313,1.0000,72,55,34,-52,-18,-6
16,332314,1.0000,73,55,34,-54,-18,-6
16,332315,1.0000,74,55,34,-56,-18,-6
16,332316,1.0000,75,55,34,-58,-18,-6
16,332317,1.0000,76,55,34,-60,-18,-6
16,332318,1.0000,77,55,34,-62,-18,-6
16,332403,1.0000,71,56,34,-50,-16,-6
16,332404,1.0000,72,56,34,-52,-16,-6
16,332405,1.0000,73,56,34,-54,-16,-6
16,332406,1.0000,74,56,34,-56,-16,-6
16,332407,1.0000,75,56,34,-58,-16,-6
16,332408,1.0000,76,56,34,-60,-16,-6
16,332409,1.0000,77,56,34,-62,-16,-6
16,332497,1.0000,74,57,34,-56,-14,-6
16,332498,1.0000,75,57,34,-58,-14,-6
16,332499,1.0000,76,57,34,-60,-14,-6
16,332500,1.0000,77,57,34,-62,-14,-6
16,334039,1.0000,69,74,34,-46,20,-6
16,341777,1.0000,72,50,35,-52,-28,-4
16,341778,1.0000,73,50,35,-54,-28,-4
16,341864,1.0000,68,51,35,-44,-26,-4
16,341865,1.0000,69,51,35,-46,-26,-4
16,341868,1.0000,72,51,35,-52,-26,-4
16,341869,1.0000,73,51,35,-54,-26,-4
16,342050,1.0000,72,53,35,-52,-22,-4
16,342051,1.0000,73,53,35,-54,-22,-4
16,342052,1.0000,74,53,35,-56,-22,-4
16,342053,1.0000,75,53,35,-58,-22,-4
16,342054,1.0000,76,53,35,-60,-22,-4
16,342055,1.0000,77,53,35,-62,-22,-4
16,342139,1.0000,70,54,35,-48,-20,-4
16,342140,1.0000,71,54,35,-50,-20,-4
16,342141,1.0000,72,54,35,-52,-20,-4
16,342142,1.0000,73,54,35,-54,-20,-4
16,342143,1.0000,74,54,35,-56,-20,-4
16,342144,1.0000,75,54,35,-58,-20,-4
16,342145,1.0000,76,54,35,-60,-20,-4
16,342146,1.0000,77,54,35,-62,-20,-4
16,342147,1.0000,78,54,35,-64,-20,-4
16,342231,1.0000,71,55,35,-50,-18,-4
16,342232,1.0000,72,55,35,-52,-18,-4
16,342233,1.0000,73,55,35,-54,-18,-4
16,342234,1.0000,74,55,35,-56,-18,-4
16,342235,1.0000,75,55,35,-58,-18,-4
16,342236,1.0000,76,55,35,-60,-18,-4
16,342237,1.0000,77,55,35,-62,-18,-4
16,342238,1.0000,78,55,35,-64,-18,-4
16,342323,1.0000,72,56,35,-52,-16,-4
16,342324,1.0000,73,56,35,-54,-16,-4
16,342325,1.0000,74,56,35,-56,-16,-4
16,342326,1.0000,75,56,35,-58,-16,-4
16,342327,1.0000,76,56,35,-60,-16,-4
16,342328,1.0000,77,56,35,-62,-16,-4
16,342329,1.0000,78,56,35,-64,-16,-4
16,342417,1.0000,75,57,35,-58,-14,-4
16,342418,1.0000,76,57,35,-60,-14,-4
16,342419,1.0000,77,57,35,-62,-14,-4
16,343959,1.0000,70,74,35,-48,20,-4
16,343960,1.0000,71,74,35,-50,20,-4
16,350875,1.0000,70,41,36,-48,-46,-2
16,351061,1.0000,74,43,36,-56,-42,-2
16,351152,1.0000,74,44,36,-56,-40,-2
16,351696,1.0000,72,50,36,-52,-28,-2
16,351697,1.0000,73,50,36,-54,-28,-2
16,351787,1.0000,72,51,36,-52,-26,-2
16,351788,1.0000,73,51,36,-54,-26,-2
16,351789,1.0000,74,51,36,-56,-26,-2
16,351972,1.0000,75,53,36,-58,-22,-2
16,351973,1.0000,76,53,36,-60,-22,-2
16,351974,1.0000,77,53,36,-62,-22,-2
16,351975,1.0000,78,53,36,-64,-22,-2
16,352061,1.0000,73,54,36,-54,-20,-2
16,352062,1.0000,74,54,36,-56,-20,-2
16,352063,1.0000,75,54,36,-58,-20,-2
16,352064,1.0000,76,54,36,-60,-20,-2
16,352065,1.0000,77,54,36,-62,-20,-2
16,352066,1.0000,78,54,36,-64,-20,-2
16,352152,1.0000,73,55,36,-54,-18,-2
16,352153,1.0000,74,55,36,-56,-18,-2
16,352154,1.0000,75,55,36,-58,-18,-2
16,352155,1.0000,76,55,36,-60,-18,-2
16,352156,1.0000,77,55,36,-62,-18,-2
16,352157,1.0000,78,55,36,-64,-18,-2
16,352245,1.0000,75,56,36,-58,-16,-2
16,352246,1.0000,76,56,36,-60,-16,-2
16,352247,1.0000,77,56,36,-62,-16,-2
16,353879,1.0000,71,74,36,-50,20,-2
16,353880,1.0000,72,74,36,-52,20,-2
16,353970,1.0000,71,75,36,-50,22,-2
16,353971,1.0000,72,75,36,-52,22,-2
16,354062,1.0000,72,76,36,-52,24,-2
16,360702,1.0000,69,40,37,-46,-48,0
16,360703,1.0000,70,40,37,-48,-48,0
16,360704,1.0000,71,40,37,-50,-48,0
16,360793,1.0000,69,41,37,-46,-46,0
16,360794,1.0000,70,41,37,-48,-46,0
16,360795,1.0000,71,41,37,-50,-46,0
16,360884,1.0000,69,42,37,-46,-44,0
16,360885,1.0000,70,42,37,-48,-44,0
16,360886,1.0000,71,42,37,-50,-44,0
16,360979,1.0000,73,43,37,-54,-42,0
16,360980,1.0000,74,43,37,-56,-42,0
16,360981,1.0000,75,43,37,-58,-42,0
16,361071,1.0000,74,44,37,-56,-40,0
16,361072,1.0000,75,44,37,-58,-40,0
16,361073,1.0000,76,44,37,-60,-40,0
16,361617,1.0000,74,50,37,-56,-28,0
16,361707,1.0000,73,51,37,-54,-26,0
16,361708,1.0000,74,51,37,-56,-26,0
16,361713,1.0000,79,51,37,-66,-26,0
16,361892,1.0000,76,53,37,-60,-22,0
16,361893,1.0000,77,53,37,-62,-22,0
16,361894,1.0000,78,53,37,-64,-22,0
16,361982,1.0000,75,54,37,-58,-20,0
16,361983,1.0000,76,54,37,-60,-20,0
16,361984,1.0000,77,54,37,-62,-20,0
16,361985,1.0000,78,54,37,-64,-20,0
16,362073,1.0000,75,55,37,-58,-18,0
16,362074,1.0000,76,55,37,-60,-18,0
16,362075,1.0000,77,55,37,-62,-18,0
16,363799,1.0000,72,74,37,-52,20,0
16,363889,1.0000,71,75,37,-50,22,0
16,363890,1.0000,72,75,37,-52,22,0
16,363981,1.0000,72,76,37,-52,24,0
16,363982,1.0000,73,76,37,-54,24,0
16,364073,1.0000,73,77,37,-54,26,0
16,370351,1.0000,72,37,38,-52,-54,2
16,370441,1.0000,71,38,38,-50,-52,2
16,370442,1.0000,72,38,38,-52,-52,2
16,370443,1.0000,73,38,38,-54,-52,2
16,370531,1.0000,70,39,38,-48,-50,2
16,370532,1.0000,71,39,38,-50,-50,2
16,370533,1.0000,72,39,38,-52,-50,2
16,370621,1.0000,69,40,38,-46,-48,2
16,370622,1.0000,70,40,38,-48,-48,2
16,370623,1.0000,71,40,38,-50,-48,2
16,370624,1.0000,72,40,38,-52,-48,2
16,370711,1.0000,68,41,38,-44,-46,2
16,370712,1.0000,69,41,38,-46,-46,2
16,370713,1.0000,70,41,38,-48,-46,2
16,370714,1.0000,71,41,38,-50,-46,2
16,370715,1.0000,72,41,38,-52,-46,2
16,370803,1.0000,69,42,38,-46,-44,2
16,370804,1.0000,70,42,38,-48,-44,2
16,370805,1.0000,71,42,38,-50,-44,2
16,370900,1.0000,75,43,38,-58,-42,2
16,371632,1.0000,79,51,38,-66,-26,2
16,371812,1.0000,77,53,38,-62,-22,2
16,371813,1.0000,78,53,38,-64,-22,2
16,371903,1.0000,77,54,38,-62,-20,2
16,373718,1.0000,72,74,38,-52,20,2
16,373719,1.0000,73,74,38,-54,20,2
16,373809,1.0000,72,75,38,-52,22,2
16,373810,1.0000,73,75,38,-54,22,2
16,373900,1.0000,72,76,38,-52,24,2
16,373901,1.0000,73,76,38,-54,24,2
16,373991,1.0000,72,77,38,-52,26,2
16,373992,1.0000,73,77,38,-54,26,2
16,374083,1.0000,73,78,38,-54,28,2
16,374174,1.0000,73,79,38,-54,30,2
16,380269,1.0000,71,37,39,-50,-54,4
16,380270,1.0000,72,37,39,-52,-54,4
16,380271,1.0000,73,37,39,-54,-54,4
16,380359,1.0000,70,38,39,-48,-52,4
16,380360,1.0000,71,38,39,-50,-52,4
16,380361,1.0000,72,38,39,-52,-52,4
16,380362,1.0000,73,38,39,-54,-52,4
16,380450,1.0000,70,39,39,-48,-50,4
16,380451,1.0000,71,39,39,-50,-50,4
16,380452,1.0000,72,39,39,-52,-50,4
16,380453,1.0000,73,39,39,-54,-50,4
16,380540,1.0000,69,40,39,-46,-48,4
16,380541,1.0000,70,40,39,-48,-48,4
16,380542,1.0000,71,40,39,-50,-48,4
16,380543,1.0000,72,40,39,-52,-48,4
16,380544,1.0000,73,40,39,-54,-48,4
16,380546,1.0000,75,40,39,-58,-48,4
16,380547,1.0000,76,40,39,-60,-48,4
16,380631,1.0000,69,41,39,-46,-46,4
16,380632,1.0000,70,41,39,-48,-46,4
16,380633,1.0000,71,41,39,-50,-46,4
16,380634,1.0000,72,41,39,-52,-46,4
16,380635,1.0000,73,41,39,-54,-46,4
16,380637,1.0000,75,41,39,-58,-46,4
16,380638,1.0000,76,41,39,-60,-46,4
16,380723,1.0000,70,42,39,-48,-44,4
16,380822,1.0000,78,43,39,-64,-42,4
16,380913,1.0000,78,44,39,-64,-40,4
16,380914,1.0000,79,44,39,-66,-40,4
16,383547,1.0000,73,73,39,-54,18,4
16,383637,1.0000,72,74,39,-52,20,4
16,383638,1.0000,73,74,39,-54,20,4
16,383728,1.0000,72,75,39,-52,22,4
16,383729,1.0000,73,75,39,-54,22,4
16,383819,1.0000,72,76,39,-52,24,4
16,383820,1.0000,73,76,39,-54,24,4
16,383910,1.0000,72,77,39,-52,26,4
16,383911,1.0000,73,77,39,-54,26,4
16,384002,1.0000,73,78,39,-54,28,4
16,384093,1.0000,73,79,39,-54,30,4
16,384184,1.0000,73,80,39,-54,32,4
16,390009,1.0000,74,35,40,-56,-58,6
16,390010,1.0000,75,35,40,-58,-58,6
16,390100,1.0000,74,36,40,-56,-56,6
16,390101,1.0000,75,36,40,-58,-56,6
16,390189,1.0000,72,37,40,-52,-54,6
16,390190,1.0000,73,37,40,-54,-54,6
16,390191,1.0000,74,37,40,-56,-54,6
16,390192,1.0000,75,37,40,-58,-54,6
16,390279,1.0000,71,38,40,-50,-52,6
16,390280,1.0000,72,38,40,-52,-52,6
16,390281,1.0000,73,38,40,-54,-52,6
16,390282,1.0000,74,38,40,-56,-52,6
16,390283,1.0000,75,38,40,-58,-52,6
16,390369,1.0000,70,39,40,-48,-50,6
16,390370,1.0000,71,39,40,-50,-50,6
16,390371,1.0000,72,39,40,-52,-50,6
16,390372,1.0000,73,39,40,-54,-50,6
16,390373,1.0000,74,39,40,-56,-50,6
16,390374,1.0000,75,39,40,-58,-50,6
16,390375,1.0000,76,39,40,-60,-50,6
16,390459,1.0000,69,40,40,-46,-48,6
16,390460,1.0000,70,40,40,-48,-48,6
16,390461,1.0000,71,40,40,-50,-48,6
16,390462,1.0000,72,40,40,-52,-48,6
16,390463,1.0000,73,40,40,-54,-48,6
16,390464,1.0000,74,40,40,-56,-48,6
16,390465,1.0000,75,40,40,-58,-48,6
16,390466,1.0000,76,40,40,-60,-48,6
16,390467,1.0000,77,40,40,-62,-48,6
16,390550,1.0000,69,41,40,-46,-46,6
16,390551,1.0000,70,41,40,-48,-46,6
16,390552,1.0000,71,41,40,-50,-46,6
16,390553,1.0000,72,41,40,-52,-46,6
16,390554,1.0000,73,41,40,-54,-46,6
16,390555,1.0000,74,41,40,-56,-46,6
16,390556,1.0000,75,41,40,-58,-46,6
16,390557,1.0000,76,41,40,-60,-46,6
16,390558,1.0000,77,41,40,-62,-46,6
16,390642,1.0000,70,42,40,-48,-44,6
16,390650,1.0000,78,42,40,-64,-44,6
16,390741,1.0000,78,43,40,-64,-42,6
16,390742,1.0000,79,43,40,-66,-42,6
16,390832,1.0000,78,44,40,-64,-40,6
16,390833,1.0000,79,44,40,-66,-40,6
16,399746,1.0000,74,33,41,-56,-62,8
16,399837,1.0000,74,34,41,-56,-60,8
16,399838,1.0000,75,34,41,-58,-60,8
16,399927,1.0000,73,35,41,-54,-58,8
16,399928,1.0000,74,35,41,-56,-58,8
16,399929,1.0000,75,35,41,-58,-58,8
16,400018,1.0000,73,36,41,-54,-56,8
16,400019,1.0000,74,36,41,-56,-56,8
16,400020,1.0000,75,36,41,-58,-56,8
16,400109,1.0000,73,37,41,-54,-54,8
16,400110,1.0000,74,37,41,-56,-54,8
16,400111,1.0000,75,37,41,-58,-54,8
16,400112,1.0000,76,37,41,-60,-54,8
16,400199,1.0000,72,38,41,-52,-52,8
16,400200,1.0000,73,38,41,-54,-52,8
16,400201,1.0000,74,38,41,-56,-52,8
16,400202,1.0000,75,38,41,-58,-52,8
16,400203,1.0000,76,38,41,-60,-52,8
16,400288,1.0000,70,39,41,-48,-50,8
16,400289,1.0000,71,39,41,-50,-50,8
16,400290,1.0000,72,39,41,-52,-50,8
16,400291,1.0000,73,39,41,-54,-50,8
16,400292,1.0000,74,39,41,-56,-50,8
16,400293,1.0000,75,39,41,-58,-50,8
16,400294,1.0000,76,39,41,-60,-50,8
16,400295,1.0000,77,39,41,-62,-50,8
16,400378,1.0000,69,40,41,-46,-48,8
16,400379,1.0000,70,40,41,-48,-48,8
16,400380,1.0000,71,40,41,-50,-48,8
16,400381,1.0000,72,40,41,-52,-48,8
16,400382,1.0000,73,40,41,-54,-48,8
16,400383,1.0000,74,40,41,-56,-48,8
16,400384,1.0000,75,40,41,-58,-48,8
16,400385,1.0000,76,40,41,-60,-48,8
16,400386,1.0000,77,40,41,-62,-48,8
16,400469,1.0000,69,41,41,-46,-46,8
16,400470,1.0000,70,41,41,-48,-46,8
16,400471,1.0000,71,41,41,-50,-46,8
16,400472,1.0000,72,41,41,-52,-46,8
16,400474,1.0000,74,41,41,-56,-46,8
16,400475,1.0000,75,41,41,-58,-46,8
16,400476,1.0000,76,41,41,-60,-46,8
16,400477,1.0000,77,41,41,-62,-46,8
16,400560,1.0000,69,42,41,-46,-44,8
16,400561,1.0000,70,42,41,-48,-44,8
16,400569,1.0000,78,42,41,-64,-44,8
16,400652,1.0000,70,43,41,-48,-42,8
16,400660,1.0000,78,43,41,-64,-42,8
16,400661,1.0000,79,43,41,-66,-42,8
16,400751,1.0000,78,44,41,-64,-40,8
16,400752,1.0000,79,44,41,-66,-40,8
16,403477,1.0000,74,74,41,-56,20,8
16,409754,1.0000,72,34,42,-52,-60,10
16,409756,1.0000,74,34,42,-56,-60,10
16,409845,1.0000,72,35,42,-52,-58,10
16,409846,1.0000,73,35,42,-54,-58,10
16,409847,1.0000,74,35,42,-56,-58,10
16,409848,1.0000,75,35,42,-58,-58,10
16,409936,1.0000,72,36,42,-52,-56,10
16,409937,1.0000,73,36,42,-54,-56,10
16,409938,1.0000,74,36,42,-56,-56,10
16,409939,1.0000,75,36,42,-58,-56,10
16,409940,1.0000,76,36,42,-60,-56,10
16,410028,1.0000,73,37,42,-54,-54,10
16,410029,1.0000,74,37,42,-56,-54,10
16,410030,1.0000,75,37,42,-58,-54,10
16,410031,1.0000,76,37,42,-60,-54,10
16,410119,1.0000,73,38,42,-54,-52,10
16,410120,1.0000,74,38,42,-56,-52,10
16,410121,1.0000,75,38,42,-58,-52,10
16,410122,1.0000,76,38,42,-60,-52,10
16,410206,1.0000,69,39,42,-46,-50,10
16,410207,1.0000,70,39,42,-48,-50,10
16,410208,1.0000,71,39,42,-50,-50,10
16,410210,1.0000,73,39,42,-54,-50,10
16,410211,1.0000,74,39,42,-56,-50,10
16,410212,1.0000,75,39,42,-58,-50,10
16,410213,1.0000,76,39,42,-60,-50,10
16,410297,1.0000,69,40,42,-46,-48,10
16,410298,1.0000,70,40,42,-48,-48,10
16,410299,1.0000,71,40,42,-50,-48,10
16,410300,1.0000,72,40,42,-52,-48,10
16,410301,1.0000,73,40,42,-54,-48,10
16,410302,1.0000,74,40,42,-56,-48,10
16,410303,1.0000,75,40,42,-58,-48,10
16,410304,1.0000,76,40,42,-60,-48,10
16,410388,1.0000,69,41,42,-46,-46,10
16,410389,1.0000,70,41,42,-48,-46,10
16,410390,1.0000,71,41,42,-50,-46,10
16,410479,1.0000,69,42,42,-46,-44,10
16,410480,1.0000,70,42,42,-48,-44,10
16,410481,1.0000,71,42,42,-50,-44,10
16,410571,1.0000,70,43,42,-48,-42,10
16,419673,1.0000,72,34,43,-52,-60,12
16,419674,1.0000,73,34,43,-54,-60,12
16,419764,1.0000,72,35,43,-52,-58,12
16,419765,1.0000,73,35,43,-54,-58,12
16,419766,1.0000,74,35,43,-56,-58,12
16,419856,1.0000,73,36,43,-54,-56,12
16,419857,1.0000,74,36,43,-56,-56,12
16,419858,1.0000,75,36,43,-58,-56,12
16,419947,1.0000,73,37,43,-54,-54,12
16,419948,1.0000,74,37,43,-56,-54,12
16,419949,1.0000,75,37,43,-58,-54,12
16,419950,1.0000,76,37,43,-60,-54,12
16,420039,1.0000,74,38,43,-56,-52,12
16,420040,1.0000,75,38,43,-58,-52,12
16,420041,1.0000,76,38,43,-60,-52,12
16,420125,1.0000,69,39,43,-46,-50,12
16,420126,1.0000,70,39,43,-48,-50,12
16,420127,1.0000,71,39,43,-50,-50,12
16,420130,1.0000,74,39,43,-56,-50,12
16,420131,1.0000,75,39,43,-58,-50,12
16,420132,1.0000,76,39,43,-60,-50,12
16,420216,1.0000,69,40,43,-46,-48,12
16,420217,1.0000,70,40,43,-48,-48,12
16,420218,1.0000,71,40,43,-50,-48,12
16,420219,1.0000,72,40,43,-52,-48,12
16,420220,1.0000,73,40,43,-54,-48,12
16,420221,1.0000,74,40,43,-56,-48,12
16,420222,1.0000,75,40,43,-58,-48,12
16,420223,1.0000,76,40,43,-60,-48,12
16,420307,1.0000,69,41,43,-46,-46,12
16,420308,1.0000,70,41,43,-48,-46,12
16,420309,1.0000,71,41,43,-50,-46,12
16,420398,1.0000,69,42,43,-46,-44,12
16,420399,1.0000,70,42,43,-48,-44,12
16,429592,1.0000,72,34,44,-52,-60,14
16,429593,1.0000,73,34,44,-54,-60,14
16,429683,1.0000,72,35,44,-52,-58,14
16,429684,1.0000,73,35,44,-54,-58,14
16,429775,1.0000,73,36,44,-54,-56,14
16,429776,1.0000,74,36,44,-56,-56,14
16,429866,1.0000,73,37,44,-54,-54,14
16,429867,1.0000,74,37,44,-56,-54,14
16,429868,1.0000,75,37,44,-58,-54,14
16,429953,1.0000,69,38,44,-46,-52,14
16,429954,1.0000,70,38,44,-48,-52,14
16,429955,1.0000,71,38,44,-50,-52,14
16,429958,1.0000,74,38,44,-56,-52,14
16,429959,1.0000,75,38,44,-58,-52,14
16,430044,1.0000,69,39,44,-46,-50,14
16,430045,1.0000,70,39,44,-48,-50,14
16,430046,1.0000,71,39,44,-50,-50,14
16,430049,1.0000,74,39,44,-56,-50,14
16,430050,1.0000,75,39,44,-58,-50,14
16,430135,1.0000,69,40,44,-46,-48,14
16,430136,1.0000,70,40,44,-48,-48,14
16,430137,1.0000,71,40,44,-50,-48,14
16,430140,1.0000,74,40,44,-56,-48,14
16,430141,1.0000,75,40,44,-58,-48,14
16,430226,1.0000,69,41,44,-46,-46,14
16,430227,1.0000,70,41,44,-48,-46,14
16,430228,1.0000,71,41,44,-50,-46,14
16,433235,1.0000,75,74,44,-58,20,14
16,439872,1.0000,69,38,45,-46,-52,16
16,439873,1.0000,70,38,45,-48,-52,16
16,439874,1.0000,71,38,45,-50,-52,16
16,439963,1.0000,69,39,45,-46,-50,16
16,439964,1.0000,70,39,45,-48,-50,16
16,439965,1.0000,71,39,45,-50,-50,16
16,440054,1.0000,69,40,45,-46,-48,16
16,440055,1.0000,70,40,45,-48,-48,16
16,440056,1.0000,71,40,45,-50,-48,16
16,443154,1.0000,75,74,45,-58,20,16
16,443244,1.0000,74,75,45,-56,22,16
16,443245,1.0000,75,75,45,-58,22,16
16,443335,1.0000,74,76,45,-56,24,16
16,449792,1.0000,70,38,46,-48,-52,18
16,449793,1.0000,71,38,46,-50,-52,18
16,449883,1.0000,70,39,46,-48,-50,18
16,453072,1.0000,74,74,46,-56,20,18
16,453073,1.0000,75,74,46,-58,20,18
16,453162,1.0000,73,75,46,-54,22,18
16,453163,1.0000,74,75,46,-56,22,18
16,453164,1.0000,75,75,46,-58,22,18
16,453253,1.0000,73,76,46,-54,24,18
16,453254,1.0000,74,76,46,-56,24,18
16,453255,1.0000,75,76,46,-58,24,18
16,453344,1.0000,73,77,46,-54,26,18
16,462991,1.0000,74,74,47,-56,20,20
16,462992,1.0000,75,74,47,-58,20,20
16,463081,1.0000,73,75,47,-54,22,20
16,463082,1.0000,74,75,47,-56,22,20
16,463083,1.0000,75,75,47,-58,22,20
16,463172,1.0000,73,76,47,-54,24,20
16,463173,1.0000,74,76,47,-56,24,20
16,463263,1.0000,73,77,47,-54,26,20
16,472909,1.0000,73,74,48,-54,20,22
16,472910,1.0000,74,74,48,-56,20,22
16,473000,1.0000,73,75,48,-54,22,22
16,473001,1.0000,74,75,48,-56,22,22
16,473002,1.0000,75,75,48,-58,22,22
16,473090,1.0000,72,76,48,-52,24,22
16,473091,1.0000,73,76,48,-54,24,22
16,473092,1.0000,74,76,48,-56,24,22
16,473180,1.0000,71,77,48,-50,26,22
16,473181,1.0000,72,77,48,-52,26,22
16,473182,1.0000,73,77,48,-54,26,22
16,473272,1.0000,72,78,48,-52,28,22
16,482548,1.0000,66,71,49,-40,14,24
16,482549,1.0000,67,71,49,-42,14,24
16,482918,1.0000,72,75,49,-52,22,24
16,482919,1.0000,73,75,49,-54,22,24
16,482920,1.0000,74,75,49,-56,22,24
16,483007,1.0000,70,76,49,-48,24,24
16,483008,1.0000,71,76,49,-50,24,24
16,483009,1.0000,72,76,49,-52,24,24
16,483010,1.0000,73,76,49,-54,24,24
16,483011,1.0000,74,76,49,-56,24,24
16,483099,1.0000,71,77,49,-50,26,24
16,483100,1.0000,72,77,49,-52,26,24
16,483101,1.0000,73,77,49,-54,26,24
16,492197,1.0000,69,68,50,-46,8,26
16,492376,1.0000,66,70,50,-40,12,26
16,492377,1.0000,67,70,50,-42,12,26
16,492467,1.0000,66,71,50,-40,14,26
16,492468,1.0000,67,71,50,-42,14,26
16,492742,1.0000,68,74,50,-44,20,26
16,492743,1.0000,69,74,50,-46,20,26
16,492835,1.0000,70,75,50,-48,22,26
16,492836,1.0000,71,75,50,-50,22,26
16,492837,1.0000,72,75,50,-52,22,26
16,492838,1.0000,73,75,50,-54,22,26
16,492927,1.0000,71,76,50,-50,24,26
16,492928,1.0000,72,76,50,-52,24,26
16,492929,1.0000,73,76,50,-54,24,26
16,502204,1.0000,66,69,51,-40,10,28
16,502205,1.0000,67,69,51,-42,10,28
16,502206,1.0000,68,69,51,-44,10,28
16,502295,1.0000,66,70,51,-40,12,28
16,502296,1.0000,67,70,51,-42,12,28
16,502663,1.0000,70,74,51,-48,20,28
16,502755,1.0000,71,75,51,-50,22,28
16,502756,1.0000,72,75,51,-52,22,28
16,502757,1.0000,73,75,51,-54,22,28
16,512125,1.0000,68,69,52,-44,10,30
16,512126,1.0000,69,69,52,-46,10,30
16,512583,1.0000,71,74,52,-50,20,30
16,571180,1.0000,64,64,58,-36,0,42
16,571272,1.0000,65,65,58,-38,2,42
16,581190,1.0000,64,65,59,-36,2,44
16,581282,1.0000,65,66,59,-38,4,44
16,581375,1.0000,67,67,59,-42,6,44
16,581376,1.0000,68,67,59,-44,6,44
16,591109,1.0000,64,65,60,-36,2,46
16,591201,1.0000,65,66,60,-38,4,46
16,591294,1.0000,67,67,60,-42,6,46
16,591295,1.0000,68,67,60,-44,6,46
16,591386,1.0000,68,68,60,-44,8,46
16,591387,1.0000,69,68,60,-46,8,46
16,601028,1.0000,64,65,61,-36,2,48
16,640253,1.0000,68,60,65,-44,-8,56
16,640254,1.0000,69,60,65,-46,-8,56
16,640343,1.0000,67,61,65,-42,-6,56
16,640344,1.0000,68,61,65,-44,-6,56
16,640345,1.0000,69,61,65,-46,-6,56
16,640800,1.0000,69,66,65,-46,4,56
16,650170,1.0000,66,60,66,-40,-8,58
16,650171,1.0000,67,60,66,-42,-8,58
16,650172,1.0000,68,60,66,-44,-8,58
16,650260,1.0000,65,61,66,-38,-6,58
16,650261,1.0000,66,61,66,-40,-6,58
16,650262,1.0000,67,61,66,-42,-6,58
16,650263,1.0000,68,61,66,-44,-6,58
16,650264,1.0000,69,61,66,-46,-6,58
16,650352,1.0000,66,62,66,-40,-4,58
16,650353,1.0000,67,62,66,-42,-4,58
16,650354,1.0000,68,62,66,-44,-4,58
16,650355,1.0000,69,62,66,-46,-4,58
16,660089,1.0000,66,60,67,-40,-8,60
16,660179,1.0000,65,61,67,-38,-6,60
16,660180,1.0000,66,61,67,-40,-6,60
16,660181,1.0000,67,61,67,-42,-6,60
16,660270,1.0000,65,62,67,-38,-4,60
16,660271,1.0000,66,62,67,-40,-4,60
16,660272,1.0000,67,62,67,-42,-4,60
16,660273,1.0000,68,62,67,-44,-4,60
16,660362,1.0000,66,63,67,-40,-2,60
16,660363,1.0000,67,63,67,-42,-2,60
16,670098,1.0000,65,61,68,-38,-6,62
16,670189,1.0000,65,62,68,-38,-4,62
16,670190,1.0000,66,62,68,-40,-4,62
16,670280,1.0000,65,63,68,-38,-2,62
16,670281,1.0000,66,63,68,-40,-2,62
