ROI,Subject,Effect,Session/Partition,LocalizerSize,EffectSize
1,208_KAN_evDB_20140121a_PL2017,N_hi, 1,37,2.363759
1,208_KAN_evDB_20140121a_PL2017,N_hm, 1,37,4.454614
1,208_KAN_evDB_20140121a_PL2017,N_lm, 1,37,3.585786
1,208_KAN_evDB_20140121a_PL2017,N_lo, 1,37,2.211139
1,208_KAN_evDB_20140121a_PL2017,AJ_hi, 1,37,4.353126
1,208_KAN_evDB_20140121a_PL2017,AJ_hm, 1,37,4.313957
1,208_KAN_evDB_20140121a_PL2017,AJ_lm, 1,37,1.374451
1,208_KAN_evDB_20140121a_PL2017,AJ_lo, 1,37,-1.140967
1,208_KAN_evDB_20140121a_PL2017,V_hi, 1,37,-0.794670
1,208_KAN_evDB_20140121a_PL2017,V_hm, 1,37,-1.072980
1,208_KAN_evDB_20140121a_PL2017,V_lm, 1,37,3.933479
1,208_KAN_evDB_20140121a_PL2017,V_lo, 1,37,2.926836
1,208_KAN_evDB_20140121a_PL2017,AV_hi, 1,37,1.128798
1,208_KAN_evDB_20140121a_PL2017,AV_hm, 1,37,-0.549491
1,208_KAN_evDB_20140121a_PL2017,AV_lm, 1,37,1.675821
1,208_KAN_evDB_20140121a_PL2017,AV_lo, 1,37,2.208089
1,208_KAN_evDB_20140121a_PL2017,FW_hi, 1,37,2.472789
1,208_KAN_evDB_20140121a_PL2017,FW_lo, 1,37,0.746489
1,209_KAN_evDB_20140224_PL2017,N_hi, 1,37,0.363363
1,209_KAN_evDB_20140224_PL2017,N_hm, 1,37,5.132438
1,209_KAN_evDB_20140224_PL2017,N_lm, 1,37,4.621574
1,209_KAN_evDB_20140224_PL2017,N_lo, 1,37,-0.586514
1,209_KAN_evDB_20140224_PL2017,AJ_hi, 1,37,1.958065
1,209_KAN_evDB_20140224_PL2017,AJ_hm, 1,37,3.969700
1,209_KAN_evDB_20140224_PL2017,AJ_lm, 1,37,-0.142194
1,209_KAN_evDB_20140224_PL2017,AJ_lo, 1,37,-2.954262
1,209_KAN_evDB_20140224_PL2017,V_hi, 1,37,1.728094
1,209_KAN_evDB_20140224_PL2017,V_hm, 1,37,-0.360485
1,209_KAN_evDB_20140224_PL2017,V_lm, 1,37,4.829185
1,209_KAN_evDB_20140224_PL2017,V_lo, 1,37,2.519680
1,209_KAN_evDB_20140224_PL2017,AV_hi, 1,37,-0.625982
1,209_KAN_evDB_20140224_PL2017,AV_hm, 1,37,-1.909076
1,209_KAN_evDB_20140224_PL2017,AV_lm, 1,37,1.601103
1,209_KAN_evDB_20140224_PL2017,AV_lo, 1,37,4.936017
1,209_KAN_evDB_20140224_PL2017,FW_hi, 1,37,5.929660
1,209_KAN_evDB_20140224_PL2017,FW_lo, 1,37,-4.279414
1,210_KAN_evDB_20140303a_PL2017,N_hi, 1,37,2.908934
1,210_KAN_evDB_20140303a_PL2017,N_hm, 1,37,-1.231518
1,210_KAN_evDB_20140303a_PL2017,N_lm, 1,37,2.659188
1,210_KAN_evDB_20140303a_PL2017,N_lo, 1,37,1.586012
1,210_KAN_evDB_20140303a_PL2017,AJ_hi, 1,37,-0.821177
1,210_KAN_evDB_20140303a_PL2017,AJ_hm, 1,37,-1.165138
1,210_KAN_evDB_20140303a_PL2017,AJ_lm, 1,37,1.524232
1,210_KAN_evDB_20140303a_PL2017,AJ_lo, 1,37,1.114593
1,210_KAN_evDB_20140303a_PL2017,V_hi, 1,37,2.686756
1,210_KAN_evDB_20140303a_PL2017,V_hm, 1,37,3.556475
1,210_KAN_evDB_20140303a_PL2017,V_lm, 1,37,1.354800
1,210_KAN_evDB_20140303a_PL2017,V_lo, 1,37,1.476985
1,210_KAN_evDB_20140303a_PL2017,AV_hi, 1,37,0.957380
1,210_KAN_evDB_20140303a_PL2017,AV_hm, 1,37,1.231920
1,210_KAN_evDB_20140303a_PL2017,AV_lm, 1,37,0.922919
1,210_KAN_evDB_20140303a_PL2017,AV_lo, 1,37,0.785985
1,210_KAN_evDB_20140303a_PL2017,FW_hi, 1,37,1.536027
1,210_KAN_evDB_20140303a_PL2017,FW_lo, 1,37,1.280817
1,211_KAN_evDB_20140303b_PL2017,N_hi, 1,37,2.082676
1,211_KAN_evDB_20140303b_PL2017,N_hm, 1,37,-0.709365
1,211_KAN_evDB_20140303b_PL2017,N_lm, 1,37,3.780633
1,211_KAN_evDB_20140303b_PL2017,N_lo, 1,37,1.174791
1,211_KAN_evDB_20140303b_PL2017,AJ_hi, 1,37,0.767109
1,211_KAN_evDB_20140303b_PL2017,AJ_hm, 1,37,1.286728
1,211_KAN_evDB_20140303b_PL2017,AJ_lm, 1,37,2.972731
1,211_KAN_evDB_20140303b_PL2017,AJ_lo, 1,37,3.807014
1,211_KAN_evDB_20140303b_PL2017,V_hi, 1,37,2.566792
1,211_KAN_evDB_20140303b_PL2017,V_hm, 1,37,2.998292
1,211_KAN_evDB_20140303b_PL2017,V_lm, 1,37,1.125899
1,211_KAN_evDB_20140303b_PL2017,V_lo, 1,37,2.130489
1,211_KAN_evDB_20140303b_PL2017,AV_hi, 1,37,3.485766
1,211_KAN_evDB_20140303b_PL2017,AV_hm, 1,37,5.595360
1,211_KAN_evDB_20140303b_PL2017,AV_lm, 1,37,2.413017
1,211_KAN_evDB_20140303b_PL2017,AV_lo, 1,37,1.929235
1,211_KAN_evDB_20140303b_PL2017,FW_hi, 1,37,2.878110
1,211_KAN_evDB_20140303b_PL2017,FW_lo, 1,37,4.176259
1,221_KAN_evDB_20140808_PL2017,N_hi, 1,37,4.515117
1,221_KAN_evDB_20140808_PL2017,N_hm, 1,37,0.171091
1,221_KAN_evDB_20140808_PL2017,N_lm, 1,37,1.634013
1,221_KAN_evDB_20140808_PL2017,N_lo, 1,37,3.131718
1,221_KAN_evDB_20140808_PL2017,AJ_hi, 1,37,1.407517
1,221_KAN_evDB_20140808_PL2017,AJ_hm, 1,37,6.449164
1,221_KAN_evDB_20140808_PL2017,AJ_lm, 1,37,3.681989
1,221_KAN_evDB_20140808_PL2017,AJ_lo, 1,37,-3.816305
1,221_KAN_evDB_20140808_PL2017,V_hi, 1,37,1.260741
1,221_KAN_evDB_20140808_PL2017,V_hm, 1,37,2.125620
1,221_KAN_evDB_20140808_PL2017,V_lm, 1,37,1.690242
1,221_KAN_evDB_20140808_PL2017,V_lo, 1,37,2.300881
1,221_KAN_evDB_20140808_PL2017,AV_hi, 1,37,-0.652654
1,221_KAN_evDB_20140808_PL2017,AV_hm, 1,37,-0.294993
1,221_KAN_evDB_20140808_PL2017,AV_lm, 1,37,5.883286
1,221_KAN_evDB_20140808_PL2017,AV_lo, 1,37,5.304398
1,221_KAN_evDB_20140808_PL2017,FW_hi, 1,37,5.361315
1,221_KAN_evDB_20140808_PL2017,FW_lo, 1,37,-0.296899
1,223_KAN_evDB_20140820a_PL2017,N_hi, 1,37,0.284003
1,223_KAN_evDB_20140820a_PL2017,N_hm, 1,37,2.759261
1,223_KAN_evDB_20140820a_PL2017,N_lm, 1,37,0.182504
1,223_KAN_evDB_20140820a_PL2017,N_lo, 1,37,1.400166
1,223_KAN_evDB_20140820a_PL2017,AJ_hi, 1,37,3.998450
1,223_KAN_evDB_20140820a_PL2017,AJ_hm, 1,37,0.008973
1,223_KAN_evDB_20140820a_PL2017,AJ_lm, 1,37,-1.519606
1,223_KAN_evDB_20140820a_PL2017,AJ_lo, 1,37,0.502023
1,223_KAN_evDB_20140820a_PL2017,V_hi, 1,37,0.165148
1,223_KAN_evDB_20140820a_PL2017,V_hm, 1,37,1.190796
1,223_KAN_evDB_20140820a_PL2017,V_lm, 1,37,3.309850
1,223_KAN_evDB_20140820a_PL2017,V_lo, 1,37,-1.274455
1,223_KAN_evDB_20140820a_PL2017,AV_hi, 1,37,1.265878
1,223_KAN_evDB_20140820a_PL2017,AV_hm, 1,37,1.441281
1,223_KAN_evDB_20140820a_PL2017,AV_lm, 1,37,-0.124242
1,223_KAN_evDB_20140820a_PL2017,AV_lo, 1,37,1.886280
1,223_KAN_evDB_20140820a_PL2017,FW_hi, 1,37,-1.702423
1,223_KAN_evDB_20140820a_PL2017,FW_lo, 1,37,0.995315
1,214_KAN_evDB_20141103b_PL2017,N_hi, 1,37,-0.795150
1,214_KAN_evDB_20141103b_PL2017,N_hm, 1,37,1.108835
1,214_KAN_evDB_20141103b_PL2017,N_lm, 1,37,1.291686
1,214_KAN_evDB_20141103b_PL2017,N_lo, 1,37,1.743710
1,214_KAN_evDB_20141103b_PL2017,AJ_hi, 1,37,0.041116
1,214_KAN_evDB_20141103b_PL2017,AJ_hm, 1,37,0.396364
1,214_KAN_evDB_20141103b_PL2017,AJ_lm, 1,37,0.949399
1,214_KAN_evDB_20141103b_PL2017,AJ_lo, 1,37,1.310275
1,214_KAN_evDB_20141103b_PL2017,V_hi, 1,37,1.728059
1,214_KAN_evDB_20141103b_PL2017,V_hm, 1,37,0.784783
1,214_KAN_evDB_20141103b_PL2017,V_lm, 1,37,-1.164210
1,214_KAN_evDB_20141103b_PL2017,V_lo, 1,37,-0.735595
1,214_KAN_evDB_20141103b_PL2017,AV_hi, 1,37,1.009759
1,214_KAN_evDB_20141103b_PL2017,AV_hm, 1,37,1.136174
1,214_KAN_evDB_20141103b_PL2017,AV_lm, 1,37,0.297549
1,214_KAN_evDB_20141103b_PL2017,AV_lo, 1,37,-0.685363
1,214_KAN_evDB_20141103b_PL2017,FW_hi, 1,37,0.067959
1,214_KAN_evDB_20141103b_PL2017,FW_lo, 1,37,0.690386
1,240_KAN_evDB_20141103a_PL2017,N_hi, 1,37,1.495485
1,240_KAN_evDB_20141103a_PL2017,N_hm, 1,37,-2.837387
1,240_KAN_evDB_20141103a_PL2017,N_lm, 1,37,-0.067814
1,240_KAN_evDB_20141103a_PL2017,N_lo, 1,37,-1.058123
1,240_KAN_evDB_20141103a_PL2017,AJ_hi, 1,37,-1.900449
1,240_KAN_evDB_20141103a_PL2017,AJ_hm, 1,37,2.640095
1,240_KAN_evDB_20141103a_PL2017,AJ_lm, 1,37,3.065389
1,240_KAN_evDB_20141103a_PL2017,AJ_lo, 1,37,-1.043264
1,240_KAN_evDB_20141103a_PL2017,V_hi, 1,37,-1.881216
1,240_KAN_evDB_20141103a_PL2017,V_hm, 1,37,-1.035120
1,240_KAN_evDB_20141103a_PL2017,V_lm, 1,37,0.416368
1,240_KAN_evDB_20141103a_PL2017,V_lo, 1,37,0.756821
1,240_KAN_evDB_20141103a_PL2017,AV_hi, 1,37,-1.388353
1,240_KAN_evDB_20141103a_PL2017,AV_hm, 1,37,-4.564099
1,240_KAN_evDB_20141103a_PL2017,AV_lm, 1,37,3.366620
1,240_KAN_evDB_20141103a_PL2017,AV_lo, 1,37,1.703208
1,240_KAN_evDB_20141103a_PL2017,FW_hi, 1,37,2.470440
1,240_KAN_evDB_20141103a_PL2017,FW_lo, 1,37,-4.130361
1,227_KAN_evDB_20141201c2_PL2017,N_hi, 1,37,1.634381
1,227_KAN_evDB_20141201c2_PL2017,N_hm, 1,37,5.908590
1,227_KAN_evDB_20141201c2_PL2017,N_lm, 1,37,4.920251
1,227_KAN_evDB_20141201c2_PL2017,N_lo, 1,37,3.587690
1,227_KAN_evDB_20141201c2_PL2017,AJ_hi, 1,37,6.618600
1,227_KAN_evDB_20141201c2_PL2017,AJ_hm, 1,37,0.228460
1,227_KAN_evDB_20141201c2_PL2017,AJ_lm, 1,37,5.410466
1,227_KAN_evDB_20141201c2_PL2017,AJ_lo, 1,37,7.373606
1,227_KAN_evDB_20141201c2_PL2017,V_hi, 1,37,3.024088
1,227_KAN_evDB_20141201c2_PL2017,V_hm, 1,37,4.457500
1,227_KAN_evDB_20141201c2_PL2017,V_lm, 1,37,0.380926
1,227_KAN_evDB_20141201c2_PL2017,V_lo, 1,37,1.753352
1,227_KAN_evDB_20141201c2_PL2017,AV_hi, 1,37,4.737517
1,227_KAN_evDB_20141201c2_PL2017,AV_hm, 1,37,5.361311
1,227_KAN_evDB_20141201c2_PL2017,AV_lm, 1,37,1.045295
1,227_KAN_evDB_20141201c2_PL2017,AV_lo, 1,37,0.238055
1,227_KAN_evDB_20141201c2_PL2017,FW_hi, 1,37,4.322544
1,227_KAN_evDB_20141201c2_PL2017,FW_lo, 1,37,7.736345
1,192_KAN_EvDB_20150211b_PL2017,N_hi, 1,37,-3.235679
1,192_KAN_EvDB_20150211b_PL2017,N_hm, 1,37,2.809675
1,192_KAN_EvDB_20150211b_PL2017,N_lm, 1,37,2.182835
1,192_KAN_EvDB_20150211b_PL2017,N_lo, 1,37,-3.692565
1,192_KAN_EvDB_20150211b_PL2017,AJ_hi, 1,37,-0.426528
1,192_KAN_EvDB_20150211b_PL2017,AJ_hm, 1,37,-0.215533
1,192_KAN_EvDB_20150211b_PL2017,AJ_lm, 1,37,-0.618080
1,192_KAN_EvDB_20150211b_PL2017,AJ_lo, 1,37,-0.011437
1,192_KAN_EvDB_20150211b_PL2017,V_hi, 1,37,-2.697318
1,192_KAN_EvDB_20150211b_PL2017,V_hm, 1,37,-4.087513
1,192_KAN_EvDB_20150211b_PL2017,V_lm, 1,37,1.380959
1,192_KAN_EvDB_20150211b_PL2017,V_lo, 1,37,2.399067
1,192_KAN_EvDB_20150211b_PL2017,AV_hi, 1,37,-1.650342
1,192_KAN_EvDB_20150211b_PL2017,AV_hm, 1,37,-1.993019
1,192_KAN_EvDB_20150211b_PL2017,AV_lm, 1,37,1.087322
1,192_KAN_EvDB_20150211b_PL2017,AV_lo, 1,37,0.327115
1,192_KAN_EvDB_20150211b_PL2017,FW_hi, 1,37,3.519780
1,192_KAN_EvDB_20150211b_PL2017,FW_lo, 1,37,-7.468435
1,253_KAN_EvDB_20150211a_PL2017,N_hi, 1,37,4.429480
1,253_KAN_EvDB_20150211a_PL2017,N_hm, 1,37,-4.068198
1,253_KAN_EvDB_20150211a_PL2017,N_lm, 1,37,2.007121
1,253_KAN_EvDB_20150211a_PL2017,N_lo, 1,37,5.476416
1,253_KAN_EvDB_20150211a_PL2017,AJ_hi, 1,37,0.585136
1,253_KAN_EvDB_20150211a_PL2017,AJ_hm, 1,37,4.449316
1,253_KAN_EvDB_20150211a_PL2017,AJ_lm, 1,37,1.305346
1,253_KAN_EvDB_20150211a_PL2017,AJ_lo, 1,37,-3.141314
1,253_KAN_EvDB_20150211a_PL2017,V_hi, 1,37,8.254294
1,253_KAN_EvDB_20150211a_PL2017,V_hm, 1,37,10.692499
1,253_KAN_EvDB_20150211a_PL2017,V_lm, 1,37,-0.698407
1,253_KAN_EvDB_20150211a_PL2017,V_lo, 1,37,-0.166744
1,253_KAN_EvDB_20150211a_PL2017,AV_hi, 1,37,2.747821
1,253_KAN_EvDB_20150211a_PL2017,AV_hm, 1,37,1.703728
1,253_KAN_EvDB_20150211a_PL2017,AV_lm, 1,37,3.413298
1,253_KAN_EvDB_20150211a_PL2017,AV_lo, 1,37,5.335879
1,253_KAN_EvDB_20150211a_PL2017,FW_hi, 1,37,-2.152405
1,253_KAN_EvDB_20150211a_PL2017,FW_lo, 1,37,6.879969
1,254_KAN_EvDB_20150211c_PL2017,N_hi, 1,37,-0.089086
1,254_KAN_EvDB_20150211c_PL2017,N_hm, 1,37,0.763482
1,254_KAN_EvDB_20150211c_PL2017,N_lm, 1,37,0.393461
1,254_KAN_EvDB_20150211c_PL2017,N_lo, 1,37,0.160603
1,254_KAN_EvDB_20150211c_PL2017,AJ_hi, 1,37,1.550150
1,254_KAN_EvDB_20150211c_PL2017,AJ_hm, 1,37,0.607979
1,254_KAN_EvDB_20150211c_PL2017,AJ_lm, 1,37,0.074380
1,254_KAN_EvDB_20150211c_PL2017,AJ_lo, 1,37,-0.069507
1,254_KAN_EvDB_20150211c_PL2017,V_hi, 1,37,0.377618
1,254_KAN_EvDB_20150211c_PL2017,V_hm, 1,37,1.240117
1,254_KAN_EvDB_20150211c_PL2017,V_lm, 1,37,0.993974
1,254_KAN_EvDB_20150211c_PL2017,V_lo, 1,37,0.406834
1,254_KAN_EvDB_20150211c_PL2017,AV_hi, 1,37,0.322026
1,254_KAN_EvDB_20150211c_PL2017,AV_hm, 1,37,0.727733
1,254_KAN_EvDB_20150211c_PL2017,AV_lm, 1,37,0.017273
1,254_KAN_EvDB_20150211c_PL2017,AV_lo, 1,37,0.490862
1,254_KAN_EvDB_20150211c_PL2017,FW_hi, 1,37,-1.060419
1,254_KAN_EvDB_20150211c_PL2017,FW_lo, 1,37,0.996795
1,117_KAN_EvDB_20150217c_PL2017,N_hi, 1,37,2.190756
1,117_KAN_EvDB_20150217c_PL2017,N_hm, 1,37,0.818233
1,117_KAN_EvDB_20150217c_PL2017,N_lm, 1,37,1.241828
1,117_KAN_EvDB_20150217c_PL2017,N_lo, 1,37,5.544481
1,117_KAN_EvDB_20150217c_PL2017,AJ_hi, 1,37,2.325351
1,117_KAN_EvDB_20150217c_PL2017,AJ_hm, 1,37,1.304423
1,117_KAN_EvDB_20150217c_PL2017,AJ_lm, 1,37,1.604483
1,117_KAN_EvDB_20150217c_PL2017,AJ_lo, 1,37,1.341329
1,117_KAN_EvDB_20150217c_PL2017,V_hi, 1,37,3.742001
1,117_KAN_EvDB_20150217c_PL2017,V_hm, 1,37,2.730423
1,117_KAN_EvDB_20150217c_PL2017,V_lm, 1,37,1.136670
1,117_KAN_EvDB_20150217c_PL2017,V_lo, 1,37,-0.319620
1,117_KAN_EvDB_20150217c_PL2017,AV_hi, 1,37,0.905514
1,117_KAN_EvDB_20150217c_PL2017,AV_hm, 1,37,2.744404
1,117_KAN_EvDB_20150217c_PL2017,AV_lm, 1,37,0.700260
1,117_KAN_EvDB_20150217c_PL2017,AV_lo, 1,37,0.587191
1,117_KAN_EvDB_20150217c_PL2017,FW_hi, 1,37,0.248945
1,117_KAN_EvDB_20150217c_PL2017,FW_lo, 1,37,5.013507
1,127_KAN_EvDB_20150217a_PL2017,N_hi, 1,37,0.858544
1,127_KAN_EvDB_20150217a_PL2017,N_hm, 1,37,-1.300876
1,127_KAN_EvDB_20150217a_PL2017,N_lm, 1,37,-1.320775
1,127_KAN_EvDB_20150217a_PL2017,N_lo, 1,37,2.250804
1,127_KAN_EvDB_20150217a_PL2017,AJ_hi, 1,37,-0.311696
1,127_KAN_EvDB_20150217a_PL2017,AJ_hm, 1,37,0.187559
1,127_KAN_EvDB_20150217a_PL2017,AJ_lm, 1,37,3.029984
1,127_KAN_EvDB_20150217a_PL2017,AJ_lo, 1,37,-0.963506
1,127_KAN_EvDB_20150217a_PL2017,V_hi, 1,37,4.571216
1,127_KAN_EvDB_20150217a_PL2017,V_hm, 1,37,4.488801
1,127_KAN_EvDB_20150217a_PL2017,V_lm, 1,37,-2.484101
1,127_KAN_EvDB_20150217a_PL2017,V_lo, 1,37,-0.938777
1,127_KAN_EvDB_20150217a_PL2017,AV_hi, 1,37,2.283004
1,127_KAN_EvDB_20150217a_PL2017,AV_hm, 1,37,4.087978
1,127_KAN_EvDB_20150217a_PL2017,AV_lm, 1,37,1.850965
1,127_KAN_EvDB_20150217a_PL2017,AV_lo, 1,37,2.020601
1,127_KAN_EvDB_20150217a_PL2017,FW_hi, 1,37,-0.642084
1,127_KAN_EvDB_20150217a_PL2017,FW_lo, 1,37,3.963981
1,259_KAN_EvDB_20150224c_PL2017,N_hi, 1,37,2.668479
1,259_KAN_EvDB_20150224c_PL2017,N_hm, 1,37,1.412203
1,259_KAN_EvDB_20150224c_PL2017,N_lm, 1,37,1.906675
1,259_KAN_EvDB_20150224c_PL2017,N_lo, 1,37,1.713464
1,259_KAN_EvDB_20150224c_PL2017,AJ_hi, 1,37,0.894693
1,259_KAN_EvDB_20150224c_PL2017,AJ_hm, 1,37,-0.943427
1,259_KAN_EvDB_20150224c_PL2017,AJ_lm, 1,37,2.206561
1,259_KAN_EvDB_20150224c_PL2017,AJ_lo, 1,37,5.246936
1,259_KAN_EvDB_20150224c_PL2017,V_hi, 1,37,1.217946
1,259_KAN_EvDB_20150224c_PL2017,V_hm, 1,37,2.353317
1,259_KAN_EvDB_20150224c_PL2017,V_lm, 1,37,1.658526
1,259_KAN_EvDB_20150224c_PL2017,V_lo, 1,37,1.352186
1,259_KAN_EvDB_20150224c_PL2017,AV_hi, 1,37,2.625576
1,259_KAN_EvDB_20150224c_PL2017,AV_hm, 1,37,4.718636
1,259_KAN_EvDB_20150224c_PL2017,AV_lm, 1,37,0.008277
1,259_KAN_EvDB_20150224c_PL2017,AV_lo, 1,37,-0.679462
1,259_KAN_EvDB_20150224c_PL2017,FW_hi, 1,37,-0.597379
1,259_KAN_EvDB_20150224c_PL2017,FW_lo, 1,37,2.572091
1,264_KAN_EvDB_20150310c_PL2017,N_hi, 1,37,1.380091
1,264_KAN_EvDB_20150310c_PL2017,N_hm, 1,37,0.589716
1,264_KAN_EvDB_20150310c_PL2017,N_lm, 1,37,1.127924
1,264_KAN_EvDB_20150310c_PL2017,N_lo, 1,37,0.068078
1,264_KAN_EvDB_20150310c_PL2017,AJ_hi, 1,37,5.362368
1,264_KAN_EvDB_20150310c_PL2017,AJ_hm, 1,37,2.766410
1,264_KAN_EvDB_20150310c_PL2017,AJ_lm, 1,37,2.107856
1,264_KAN_EvDB_20150310c_PL2017,AJ_lo, 1,37,2.316588
1,264_KAN_EvDB_20150310c_PL2017,V_hi, 1,37,-0.246142
1,264_KAN_EvDB_20150310c_PL2017,V_hm, 1,37,2.220629
1,264_KAN_EvDB_20150310c_PL2017,V_lm, 1,37,1.645985
1,264_KAN_EvDB_20150310c_PL2017,V_lo, 1,37,-0.153495
1,264_KAN_EvDB_20150310c_PL2017,AV_hi, 1,37,3.625526
1,264_KAN_EvDB_20150310c_PL2017,AV_hm, 1,37,2.315992
1,264_KAN_EvDB_20150310c_PL2017,AV_lm, 1,37,1.361177
1,264_KAN_EvDB_20150310c_PL2017,AV_lo, 1,37,3.007779
1,264_KAN_EvDB_20150310c_PL2017,FW_hi, 1,37,1.043244
1,264_KAN_EvDB_20150310c_PL2017,FW_lo, 1,37,5.055501
2,208_KAN_evDB_20140121a_PL2017,N_hi, 1,74,1.986857
2,208_KAN_evDB_20140121a_PL2017,N_hm, 1,74,3.405036
2,208_KAN_evDB_20140121a_PL2017,N_lm, 1,74,3.184320
2,208_KAN_evDB_20140121a_PL2017,N_lo, 1,74,1.012147
2,208_KAN_evDB_20140121a_PL2017,AJ_hi, 1,74,2.510933
2,208_KAN_evDB_20140121a_PL2017,AJ_hm, 1,74,3.362881
2,208_KAN_evDB_20140121a_PL2017,AJ_lm, 1,74,0.429073
2,208_KAN_evDB_20140121a_PL2017,AJ_lo, 1,74,-1.665858
2,208_KAN_evDB_20140121a_PL2017,V_hi, 1,74,0.197993
2,208_KAN_evDB_20140121a_PL2017,V_hm, 1,74,-0.956463
2,208_KAN_evDB_20140121a_PL2017,V_lm, 1,74,2.791390
2,208_KAN_evDB_20140121a_PL2017,V_lo, 1,74,2.940250
2,208_KAN_evDB_20140121a_PL2017,AV_hi, 1,74,-0.059388
2,208_KAN_evDB_20140121a_PL2017,AV_hm, 1,74,-0.595312
2,208_KAN_evDB_20140121a_PL2017,AV_lm, 1,74,0.904901
2,208_KAN_evDB_20140121a_PL2017,AV_lo, 1,74,1.194029
2,208_KAN_evDB_20140121a_PL2017,FW_hi, 1,74,1.590645
2,208_KAN_evDB_20140121a_PL2017,FW_lo, 1,74,0.181153
2,209_KAN_evDB_20140224_PL2017,N_hi, 1,74,3.090719
2,209_KAN_evDB_20140224_PL2017,N_hm, 1,74,-0.820840
2,209_KAN_evDB_20140224_PL2017,N_lm, 1,74,0.012865
2,209_KAN_evDB_20140224_PL2017,N_lo, 1,74,0.945174
2,209_KAN_evDB_20140224_PL2017,AJ_hi, 1,74,0.442446
2,209_KAN_evDB_20140224_PL2017,AJ_hm, 1,74,1.594206
2,209_KAN_evDB_20140224_PL2017,AJ_lm, 1,74,-0.185932
2,209_KAN_evDB_20140224_PL2017,AJ_lo, 1,74,-0.679468
2,209_KAN_evDB_20140224_PL2017,V_hi, 1,74,1.938512
2,209_KAN_evDB_20140224_PL2017,V_hm, 1,74,1.624731
2,209_KAN_evDB_20140224_PL2017,V_lm, 1,74,1.328173
2,209_KAN_evDB_20140224_PL2017,V_lo, 1,74,0.548664
2,209_KAN_evDB_20140224_PL2017,AV_hi, 1,74,0.155390
2,209_KAN_evDB_20140224_PL2017,AV_hm, 1,74,0.453511
2,209_KAN_evDB_20140224_PL2017,AV_lm, 1,74,1.706134
2,209_KAN_evDB_20140224_PL2017,AV_lo, 1,74,3.105938
2,209_KAN_evDB_20140224_PL2017,FW_hi, 1,74,-0.285178
2,209_KAN_evDB_20140224_PL2017,FW_lo, 1,74,0.788020
2,210_KAN_evDB_20140303a_PL2017,N_hi, 1,74,3.691659
2,210_KAN_evDB_20140303a_PL2017,N_hm, 1,74,0.978688
2,210_KAN_evDB_20140303a_PL2017,N_lm, 1,74,2.374917
2,210_KAN_evDB_20140303a_PL2017,N_lo, 1,74,2.453179
2,210_KAN_evDB_20140303a_PL2017,AJ_hi, 1,74,-0.152918
2,210_KAN_evDB_20140303a_PL2017,AJ_hm, 1,74,-0.192417
2,210_KAN_evDB_20140303a_PL2017,AJ_lm, 1,74,0.439744
2,210_KAN_evDB_20140303a_PL2017,AJ_lo, 1,74,0.402858
2,210_KAN_evDB_20140303a_PL2017,V_hi, 1,74,1.658204
2,210_KAN_evDB_20140303a_PL2017,V_hm, 1,74,2.088868
2,210_KAN_evDB_20140303a_PL2017,V_lm, 1,74,2.633056
2,210_KAN_evDB_20140303a_PL2017,V_lo, 1,74,3.066430
2,210_KAN_evDB_20140303a_PL2017,AV_hi, 1,74,-0.151261
2,210_KAN_evDB_20140303a_PL2017,AV_hm, 1,74,1.367974
2,210_KAN_evDB_20140303a_PL2017,AV_lm, 1,74,2.857937
2,210_KAN_evDB_20140303a_PL2017,AV_lo, 1,74,1.008791
2,210_KAN_evDB_20140303a_PL2017,FW_hi, 1,74,3.066897
2,210_KAN_evDB_20140303a_PL2017,FW_lo, 1,74,0.983035
2,211_KAN_evDB_20140303b_PL2017,N_hi, 1,74,2.180303
2,211_KAN_evDB_20140303b_PL2017,N_hm, 1,74,0.590156
2,211_KAN_evDB_20140303b_PL2017,N_lm, 1,74,2.804431
2,211_KAN_evDB_20140303b_PL2017,N_lo, 1,74,-0.127847
2,211_KAN_evDB_20140303b_PL2017,AJ_hi, 1,74,2.084999
2,211_KAN_evDB_20140303b_PL2017,AJ_hm, 1,74,0.748356
2,211_KAN_evDB_20140303b_PL2017,AJ_lm, 1,74,3.695566
2,211_KAN_evDB_20140303b_PL2017,AJ_lo, 1,74,3.887392
2,211_KAN_evDB_20140303b_PL2017,V_hi, 1,74,2.060627
2,211_KAN_evDB_20140303b_PL2017,V_hm, 1,74,2.461652
2,211_KAN_evDB_20140303b_PL2017,V_lm, 1,74,2.297885
2,211_KAN_evDB_20140303b_PL2017,V_lo, 1,74,3.727622
2,211_KAN_evDB_20140303b_PL2017,AV_hi, 1,74,4.270240
2,211_KAN_evDB_20140303b_PL2017,AV_hm, 1,74,5.859030
2,211_KAN_evDB_20140303b_PL2017,AV_lm, 1,74,2.751782
2,211_KAN_evDB_20140303b_PL2017,AV_lo, 1,74,3.355868
2,211_KAN_evDB_20140303b_PL2017,FW_hi, 1,74,3.114722
2,211_KAN_evDB_20140303b_PL2017,FW_lo, 1,74,3.937758
2,221_KAN_evDB_20140808_PL2017,N_hi, 1,74,2.408546
2,221_KAN_evDB_20140808_PL2017,N_hm, 1,74,0.224286
2,221_KAN_evDB_20140808_PL2017,N_lm, 1,74,1.360119
2,221_KAN_evDB_20140808_PL2017,N_lo, 1,74,2.449051
2,221_KAN_evDB_20140808_PL2017,AJ_hi, 1,74,2.241117
2,221_KAN_evDB_20140808_PL2017,AJ_hm, 1,74,4.529422
2,221_KAN_evDB_20140808_PL2017,AJ_lm, 1,74,2.391857
2,221_KAN_evDB_20140808_PL2017,AJ_lo, 1,74,-3.380146
2,221_KAN_evDB_20140808_PL2017,V_hi, 1,74,-0.010168
2,221_KAN_evDB_20140808_PL2017,V_hm, 1,74,1.939003
2,221_KAN_evDB_20140808_PL2017,V_lm, 1,74,1.572977
2,221_KAN_evDB_20140808_PL2017,V_lo, 1,74,1.167632
2,221_KAN_evDB_20140808_PL2017,AV_hi, 1,74,1.256420
2,221_KAN_evDB_20140808_PL2017,AV_hm, 1,74,0.056875
2,221_KAN_evDB_20140808_PL2017,AV_lm, 1,74,2.978086
2,221_KAN_evDB_20140808_PL2017,AV_lo, 1,74,3.412629
2,221_KAN_evDB_20140808_PL2017,FW_hi, 1,74,2.104370
2,221_KAN_evDB_20140808_PL2017,FW_lo, 1,74,1.304471
2,223_KAN_evDB_20140820a_PL2017,N_hi, 1,74,3.184576
2,223_KAN_evDB_20140820a_PL2017,N_hm, 1,74,1.465848
2,223_KAN_evDB_20140820a_PL2017,N_lm, 1,74,0.205734
2,223_KAN_evDB_20140820a_PL2017,N_lo, 1,74,6.096427
2,223_KAN_evDB_20140820a_PL2017,AJ_hi, 1,74,6.076711
2,223_KAN_evDB_20140820a_PL2017,AJ_hm, 1,74,5.559553
2,223_KAN_evDB_20140820a_PL2017,AJ_lm, 1,74,-0.899748
2,223_KAN_evDB_20140820a_PL2017,AJ_lo, 1,74,-1.556577
2,223_KAN_evDB_20140820a_PL2017,V_hi, 1,74,3.568105
2,223_KAN_evDB_20140820a_PL2017,V_hm, 1,74,3.636812
2,223_KAN_evDB_20140820a_PL2017,V_lm, 1,74,2.047868
2,223_KAN_evDB_20140820a_PL2017,V_lo, 1,74,-2.653803
2,223_KAN_evDB_20140820a_PL2017,AV_hi, 1,74,0.877920
2,223_KAN_evDB_20140820a_PL2017,AV_hm, 1,74,0.743627
2,223_KAN_evDB_20140820a_PL2017,AV_lm, 1,74,2.521326
2,223_KAN_evDB_20140820a_PL2017,AV_lo, 1,74,4.580448
2,223_KAN_evDB_20140820a_PL2017,FW_hi, 1,74,-0.874646
2,223_KAN_evDB_20140820a_PL2017,FW_lo, 1,74,4.254690
2,214_KAN_evDB_20141103b_PL2017,N_hi, 1,74,-0.840507
2,214_KAN_evDB_20141103b_PL2017,N_hm, 1,74,2.227274
2,214_KAN_evDB_20141103b_PL2017,N_lm, 1,74,1.316642
2,214_KAN_evDB_20141103b_PL2017,N_lo, 1,74,1.347195
2,214_KAN_evDB_20141103b_PL2017,AJ_hi, 1,74,2.368724
2,214_KAN_evDB_20141103b_PL2017,AJ_hm, 1,74,2.049813
2,214_KAN_evDB_20141103b_PL2017,AJ_lm, 1,74,0.208954
2,214_KAN_evDB_20141103b_PL2017,AJ_lo, 1,74,0.167154
2,214_KAN_evDB_20141103b_PL2017,V_hi, 1,74,0.790026
2,214_KAN_evDB_20141103b_PL2017,V_hm, 1,74,-0.655619
2,214_KAN_evDB_20141103b_PL2017,V_lm, 1,74,1.179150
2,214_KAN_evDB_20141103b_PL2017,V_lo, 1,74,0.469584
2,214_KAN_evDB_20141103b_PL2017,AV_hi, 1,74,1.527855
2,214_KAN_evDB_20141103b_PL2017,AV_hm, 1,74,1.426678
2,214_KAN_evDB_20141103b_PL2017,AV_lm, 1,74,0.698238
2,214_KAN_evDB_20141103b_PL2017,AV_lo, 1,74,1.355588
2,214_KAN_evDB_20141103b_PL2017,FW_hi, 1,74,1.354569
2,214_KAN_evDB_20141103b_PL2017,FW_lo, 1,74,0.483605
2,240_KAN_evDB_20141103a_PL2017,N_hi, 1,74,2.276437
2,240_KAN_evDB_20141103a_PL2017,N_hm, 1,74,-1.446019
2,240_KAN_evDB_20141103a_PL2017,N_lm, 1,74,-0.344129
2,240_KAN_evDB_20141103a_PL2017,N_lo, 1,74,-1.085547
2,240_KAN_evDB_20141103a_PL2017,AJ_hi, 1,74,-0.784239
2,240_KAN_evDB_20141103a_PL2017,AJ_hm, 1,74,2.439288
2,240_KAN_evDB_20141103a_PL2017,AJ_lm, 1,74,0.470597
2,240_KAN_evDB_20141103a_PL2017,AJ_lo, 1,74,-2.043695
2,240_KAN_evDB_20141103a_PL2017,V_hi, 1,74,0.113853
2,240_KAN_evDB_20141103a_PL2017,V_hm, 1,74,-0.038446
2,240_KAN_evDB_20141103a_PL2017,V_lm, 1,74,1.591668
2,240_KAN_evDB_20141103a_PL2017,V_lo, 1,74,3.031142
2,240_KAN_evDB_20141103a_PL2017,AV_hi, 1,74,-2.115552
2,240_KAN_evDB_20141103a_PL2017,AV_hm, 1,74,-2.592585
2,240_KAN_evDB_20141103a_PL2017,AV_lm, 1,74,4.935903
2,240_KAN_evDB_20141103a_PL2017,AV_lo, 1,74,3.551451
2,240_KAN_evDB_20141103a_PL2017,FW_hi, 1,74,4.388285
2,240_KAN_evDB_20141103a_PL2017,FW_lo, 1,74,-2.046648
2,227_KAN_evDB_20141201c2_PL2017,N_hi, 1,74,2.308893
2,227_KAN_evDB_20141201c2_PL2017,N_hm, 1,74,-0.603444
2,227_KAN_evDB_20141201c2_PL2017,N_lm, 1,74,-1.314612
2,227_KAN_evDB_20141201c2_PL2017,N_lo, 1,74,2.952482
2,227_KAN_evDB_20141201c2_PL2017,AJ_hi, 1,74,1.718917
2,227_KAN_evDB_20141201c2_PL2017,AJ_hm, 1,74,1.045512
2,227_KAN_evDB_20141201c2_PL2017,AJ_lm, 1,74,1.895867
2,227_KAN_evDB_20141201c2_PL2017,AJ_lo, 1,74,-0.092519
2,227_KAN_evDB_20141201c2_PL2017,V_hi, 1,74,0.640219
2,227_KAN_evDB_20141201c2_PL2017,V_hm, 1,74,2.083176
2,227_KAN_evDB_20141201c2_PL2017,V_lm, 1,74,-2.090898
2,227_KAN_evDB_20141201c2_PL2017,V_lo, 1,74,-2.641847
2,227_KAN_evDB_20141201c2_PL2017,AV_hi, 1,74,-0.450410
2,227_KAN_evDB_20141201c2_PL2017,AV_hm, 1,74,-1.149067
2,227_KAN_evDB_20141201c2_PL2017,AV_lm, 1,74,1.554987
2,227_KAN_evDB_20141201c2_PL2017,AV_lo, 1,74,1.050746
2,227_KAN_evDB_20141201c2_PL2017,FW_hi, 1,74,-0.267779
2,227_KAN_evDB_20141201c2_PL2017,FW_lo, 1,74,2.692200
2,192_KAN_EvDB_20150211b_PL2017,N_hi, 1,74,-2.976197
2,192_KAN_EvDB_20150211b_PL2017,N_hm, 1,74,1.407023
2,192_KAN_EvDB_20150211b_PL2017,N_lm, 1,74,1.707005
2,192_KAN_EvDB_20150211b_PL2017,N_lo, 1,74,-2.825225
2,192_KAN_EvDB_20150211b_PL2017,AJ_hi, 1,74,-2.266895
2,192_KAN_EvDB_20150211b_PL2017,AJ_hm, 1,74,-3.173617
2,192_KAN_EvDB_20150211b_PL2017,AJ_lm, 1,74,-1.928055
2,192_KAN_EvDB_20150211b_PL2017,AJ_lo, 1,74,1.426719
2,192_KAN_EvDB_20150211b_PL2017,V_hi, 1,74,-2.273266
2,192_KAN_EvDB_20150211b_PL2017,V_hm, 1,74,-3.595246
2,192_KAN_EvDB_20150211b_PL2017,V_lm, 1,74,1.077212
2,192_KAN_EvDB_20150211b_PL2017,V_lo, 1,74,2.025020
2,192_KAN_EvDB_20150211b_PL2017,AV_hi, 1,74,-0.303253
2,192_KAN_EvDB_20150211b_PL2017,AV_hm, 1,74,-1.026207
2,192_KAN_EvDB_20150211b_PL2017,AV_lm, 1,74,-1.783003
2,192_KAN_EvDB_20150211b_PL2017,AV_lo, 1,74,-2.957314
2,192_KAN_EvDB_20150211b_PL2017,FW_hi, 1,74,-0.170715
2,192_KAN_EvDB_20150211b_PL2017,FW_lo, 1,74,-4.593910
2,253_KAN_EvDB_20150211a_PL2017,N_hi, 1,74,2.468169
2,253_KAN_EvDB_20150211a_PL2017,N_hm, 1,74,-3.964747
2,253_KAN_EvDB_20150211a_PL2017,N_lm, 1,74,0.713084
2,253_KAN_EvDB_20150211a_PL2017,N_lo, 1,74,6.612192
2,253_KAN_EvDB_20150211a_PL2017,AJ_hi, 1,74,1.282908
2,253_KAN_EvDB_20150211a_PL2017,AJ_hm, 1,74,4.226270
2,253_KAN_EvDB_20150211a_PL2017,AJ_lm, 1,74,1.377254
2,253_KAN_EvDB_20150211a_PL2017,AJ_lo, 1,74,-4.277207
2,253_KAN_EvDB_20150211a_PL2017,V_hi, 1,74,6.055499
2,253_KAN_EvDB_20150211a_PL2017,V_hm, 1,74,8.826299
2,253_KAN_EvDB_20150211a_PL2017,V_lm, 1,74,-2.869738
2,253_KAN_EvDB_20150211a_PL2017,V_lo, 1,74,-2.677468
2,253_KAN_EvDB_20150211a_PL2017,AV_hi, 1,74,1.855368
2,253_KAN_EvDB_20150211a_PL2017,AV_hm, 1,74,-0.493014
2,253_KAN_EvDB_20150211a_PL2017,AV_lm, 1,74,1.417486
2,253_KAN_EvDB_20150211a_PL2017,AV_lo, 1,74,4.040185
2,253_KAN_EvDB_20150211a_PL2017,FW_hi, 1,74,-4.105019
2,253_KAN_EvDB_20150211a_PL2017,FW_lo, 1,74,6.025914
2,254_KAN_EvDB_20150211c_PL2017,N_hi, 1,74,2.812154
2,254_KAN_EvDB_20150211c_PL2017,N_hm, 1,74,1.319395
2,254_KAN_EvDB_20150211c_PL2017,N_lm, 1,74,0.059792
2,254_KAN_EvDB_20150211c_PL2017,N_lo, 1,74,1.076718
2,254_KAN_EvDB_20150211c_PL2017,AJ_hi, 1,74,3.069993
2,254_KAN_EvDB_20150211c_PL2017,AJ_hm, 1,74,1.743755
2,254_KAN_EvDB_20150211c_PL2017,AJ_lm, 1,74,1.445375
2,254_KAN_EvDB_20150211c_PL2017,AJ_lo, 1,74,1.430132
2,254_KAN_EvDB_20150211c_PL2017,V_hi, 1,74,1.493369
2,254_KAN_EvDB_20150211c_PL2017,V_hm, 1,74,2.201328
2,254_KAN_EvDB_20150211c_PL2017,V_lm, 1,74,1.726132
2,254_KAN_EvDB_20150211c_PL2017,V_lo, 1,74,1.814060
2,254_KAN_EvDB_20150211c_PL2017,AV_hi, 1,74,0.464412
2,254_KAN_EvDB_20150211c_PL2017,AV_hm, 1,74,1.991527
2,254_KAN_EvDB_20150211c_PL2017,AV_lm, 1,74,2.465753
2,254_KAN_EvDB_20150211c_PL2017,AV_lo, 1,74,1.282466
2,254_KAN_EvDB_20150211c_PL2017,FW_hi, 1,74,-0.243372
2,254_KAN_EvDB_20150211c_PL2017,FW_lo, 1,74,2.179078
2,117_KAN_EvDB_20150217c_PL2017,N_hi, 1,74,1.235874
2,117_KAN_EvDB_20150217c_PL2017,N_hm, 1,74,-1.723043
2,117_KAN_EvDB_20150217c_PL2017,N_lm, 1,74,-0.774527
2,117_KAN_EvDB_20150217c_PL2017,N_lo, 1,74,6.060105
2,117_KAN_EvDB_20150217c_PL2017,AJ_hi, 1,74,3.059529
2,117_KAN_EvDB_20150217c_PL2017,AJ_hm, 1,74,2.014716
2,117_KAN_EvDB_20150217c_PL2017,AJ_lm, 1,74,-1.202336
2,117_KAN_EvDB_20150217c_PL2017,AJ_lo, 1,74,-0.521607
2,117_KAN_EvDB_20150217c_PL2017,V_hi, 1,74,2.755517
2,117_KAN_EvDB_20150217c_PL2017,V_hm, 1,74,2.926627
2,117_KAN_EvDB_20150217c_PL2017,V_lm, 1,74,0.457828
2,117_KAN_EvDB_20150217c_PL2017,V_lo, 1,74,-2.354262
2,117_KAN_EvDB_20150217c_PL2017,AV_hi, 1,74,1.386222
2,117_KAN_EvDB_20150217c_PL2017,AV_hm, 1,74,0.678042
2,117_KAN_EvDB_20150217c_PL2017,AV_lm, 1,74,-0.555767
2,117_KAN_EvDB_20150217c_PL2017,AV_lo, 1,74,0.746343
2,117_KAN_EvDB_20150217c_PL2017,FW_hi, 1,74,-2.917597
2,117_KAN_EvDB_20150217c_PL2017,FW_lo, 1,74,6.069240
2,127_KAN_EvDB_20150217a_PL2017,N_hi, 1,74,1.350508
2,127_KAN_EvDB_20150217a_PL2017,N_hm, 1,74,2.815417
2,127_KAN_EvDB_20150217a_PL2017,N_lm, 1,74,2.917539
2,127_KAN_EvDB_20150217a_PL2017,N_lo, 1,74,2.687488
2,127_KAN_EvDB_20150217a_PL2017,AJ_hi, 1,74,2.856780
2,127_KAN_EvDB_20150217a_PL2017,AJ_hm, 1,74,1.249597
2,127_KAN_EvDB_20150217a_PL2017,AJ_lm, 1,74,3.983352
2,127_KAN_EvDB_20150217a_PL2017,AJ_lo, 1,74,1.225053
2,127_KAN_EvDB_20150217a_PL2017,V_hi, 1,74,3.188201
2,127_KAN_EvDB_20150217a_PL2017,V_hm, 1,74,3.824026
2,127_KAN_EvDB_20150217a_PL2017,V_lm, 1,74,1.157043
2,127_KAN_EvDB_20150217a_PL2017,V_lo, 1,74,2.106573
2,127_KAN_EvDB_20150217a_PL2017,AV_hi, 1,74,3.797568
2,127_KAN_EvDB_20150217a_PL2017,AV_hm, 1,74,3.399583
2,127_KAN_EvDB_20150217a_PL2017,AV_lm, 1,74,3.038089
2,127_KAN_EvDB_20150217a_PL2017,AV_lo, 1,74,4.565895
2,127_KAN_EvDB_20150217a_PL2017,FW_hi, 1,74,2.921022
2,127_KAN_EvDB_20150217a_PL2017,FW_lo, 1,74,5.501115
2,259_KAN_EvDB_20150224c_PL2017,N_hi, 1,74,2.811980
2,259_KAN_EvDB_20150224c_PL2017,N_hm, 1,74,3.504598
2,259_KAN_EvDB_20150224c_PL2017,N_lm, 1,74,3.841071
2,259_KAN_EvDB_20150224c_PL2017,N_lo, 1,74,3.590184
2,259_KAN_EvDB_20150224c_PL2017,AJ_hi, 1,74,4.401749
2,259_KAN_EvDB_20150224c_PL2017,AJ_hm, 1,74,1.831215
2,259_KAN_EvDB_20150224c_PL2017,AJ_lm, 1,74,3.940566
2,259_KAN_EvDB_20150224c_PL2017,AJ_lo, 1,74,5.428995
2,259_KAN_EvDB_20150224c_PL2017,V_hi, 1,74,1.684726
2,259_KAN_EvDB_20150224c_PL2017,V_hm, 1,74,2.438829
2,259_KAN_EvDB_20150224c_PL2017,V_lm, 1,74,2.870886
2,259_KAN_EvDB_20150224c_PL2017,V_lo, 1,74,2.045642
2,259_KAN_EvDB_20150224c_PL2017,AV_hi, 1,74,4.345967
2,259_KAN_EvDB_20150224c_PL2017,AV_hm, 1,74,5.708622
2,259_KAN_EvDB_20150224c_PL2017,AV_lm, 1,74,2.314130
2,259_KAN_EvDB_20150224c_PL2017,AV_lo, 1,74,0.201138
2,259_KAN_EvDB_20150224c_PL2017,FW_hi, 1,74,1.950409
2,259_KAN_EvDB_20150224c_PL2017,FW_lo, 1,74,4.468616
2,264_KAN_EvDB_20150310c_PL2017,N_hi, 1,74,1.695282
2,264_KAN_EvDB_20150310c_PL2017,N_hm, 1,74,0.738809
2,264_KAN_EvDB_20150310c_PL2017,N_lm, 1,74,1.780272
2,264_KAN_EvDB_20150310c_PL2017,N_lo, 1,74,1.485370
2,264_KAN_EvDB_20150310c_PL2017,AJ_hi, 1,74,1.902096
2,264_KAN_EvDB_20150310c_PL2017,AJ_hm, 1,74,1.811849
2,264_KAN_EvDB_20150310c_PL2017,AJ_lm, 1,74,1.256684
2,264_KAN_EvDB_20150310c_PL2017,AJ_lo, 1,74,1.226855
2,264_KAN_EvDB_20150310c_PL2017,V_hi, 1,74,0.530587
2,264_KAN_EvDB_20150310c_PL2017,V_hm, 1,74,1.296924
2,264_KAN_EvDB_20150310c_PL2017,V_lm, 1,74,0.825914
2,264_KAN_EvDB_20150310c_PL2017,V_lo, 1,74,0.679953
2,264_KAN_EvDB_20150310c_PL2017,AV_hi, 1,74,0.377311
2,264_KAN_EvDB_20150310c_PL2017,AV_hm, 1,74,0.153186
2,264_KAN_EvDB_20150310c_PL2017,AV_lm, 1,74,0.637969
2,264_KAN_EvDB_20150310c_PL2017,AV_lo, 1,74,0.641038
2,264_KAN_EvDB_20150310c_PL2017,FW_hi, 1,74,1.459889
2,264_KAN_EvDB_20150310c_PL2017,FW_lo, 1,74,1.862026
3,208_KAN_evDB_20140121a_PL2017,N_hi, 1,46,2.335759
3,208_KAN_evDB_20140121a_PL2017,N_hm, 1,46,3.450994
3,208_KAN_evDB_20140121a_PL2017,N_lm, 1,46,0.965954
3,208_KAN_evDB_20140121a_PL2017,N_lo, 1,46,1.424061
3,208_KAN_evDB_20140121a_PL2017,AJ_hi, 1,46,2.590236
3,208_KAN_evDB_20140121a_PL2017,AJ_hm, 1,46,4.847925
3,208_KAN_evDB_20140121a_PL2017,AJ_lm, 1,46,-0.896604
3,208_KAN_evDB_20140121a_PL2017,AJ_lo, 1,46,-5.066185
3,208_KAN_evDB_20140121a_PL2017,V_hi, 1,46,-0.652125
3,208_KAN_evDB_20140121a_PL2017,V_hm, 1,46,-1.381358
3,208_KAN_evDB_20140121a_PL2017,V_lm, 1,46,4.245458
3,208_KAN_evDB_20140121a_PL2017,V_lo, 1,46,3.925491
3,208_KAN_evDB_20140121a_PL2017,AV_hi, 1,46,-2.010517
3,208_KAN_evDB_20140121a_PL2017,AV_hm, 1,46,-2.975457
3,208_KAN_evDB_20140121a_PL2017,AV_lm, 1,46,2.413299
3,208_KAN_evDB_20140121a_PL2017,AV_lo, 1,46,2.580031
3,208_KAN_evDB_20140121a_PL2017,FW_hi, 1,46,1.635003
3,208_KAN_evDB_20140121a_PL2017,FW_lo, 1,46,-1.551176
3,209_KAN_evDB_20140224_PL2017,N_hi, 1,46,-0.060701
3,209_KAN_evDB_20140224_PL2017,N_hm, 1,46,1.079692
3,209_KAN_evDB_20140224_PL2017,N_lm, 1,46,3.224171
3,209_KAN_evDB_20140224_PL2017,N_lo, 1,46,-1.825232
3,209_KAN_evDB_20140224_PL2017,AJ_hi, 1,46,2.025484
3,209_KAN_evDB_20140224_PL2017,AJ_hm, 1,46,4.059160
3,209_KAN_evDB_20140224_PL2017,AJ_lm, 1,46,0.882811
3,209_KAN_evDB_20140224_PL2017,AJ_lo, 1,46,-2.505718
3,209_KAN_evDB_20140224_PL2017,V_hi, 1,46,0.848193
3,209_KAN_evDB_20140224_PL2017,V_hm, 1,46,-0.124971
3,209_KAN_evDB_20140224_PL2017,V_lm, 1,46,2.521078
3,209_KAN_evDB_20140224_PL2017,V_lo, 1,46,2.848589
3,209_KAN_evDB_20140224_PL2017,AV_hi, 1,46,0.506971
3,209_KAN_evDB_20140224_PL2017,AV_hm, 1,46,0.395358
3,209_KAN_evDB_20140224_PL2017,AV_lm, 1,46,2.354443
3,209_KAN_evDB_20140224_PL2017,AV_lo, 1,46,5.047218
3,209_KAN_evDB_20140224_PL2017,FW_hi, 1,46,5.817491
3,209_KAN_evDB_20140224_PL2017,FW_lo, 1,46,-1.552049
3,210_KAN_evDB_20140303a_PL2017,N_hi, 1,46,3.594847
3,210_KAN_evDB_20140303a_PL2017,N_hm, 1,46,0.863348
3,210_KAN_evDB_20140303a_PL2017,N_lm, 1,46,1.947617
3,210_KAN_evDB_20140303a_PL2017,N_lo, 1,46,3.521475
3,210_KAN_evDB_20140303a_PL2017,AJ_hi, 1,46,1.507081
3,210_KAN_evDB_20140303a_PL2017,AJ_hm, 1,46,1.058239
3,210_KAN_evDB_20140303a_PL2017,AJ_lm, 1,46,0.797400
3,210_KAN_evDB_20140303a_PL2017,AJ_lo, 1,46,-0.561469
3,210_KAN_evDB_20140303a_PL2017,V_hi, 1,46,2.061151
3,210_KAN_evDB_20140303a_PL2017,V_hm, 1,46,3.444388
3,210_KAN_evDB_20140303a_PL2017,V_lm, 1,46,1.943051
3,210_KAN_evDB_20140303a_PL2017,V_lo, 1,46,1.999425
3,210_KAN_evDB_20140303a_PL2017,AV_hi, 1,46,-1.001488
3,210_KAN_evDB_20140303a_PL2017,AV_hm, 1,46,0.770358
3,210_KAN_evDB_20140303a_PL2017,AV_lm, 1,46,2.657237
3,210_KAN_evDB_20140303a_PL2017,AV_lo, 1,46,1.130571
3,210_KAN_evDB_20140303a_PL2017,FW_hi, 1,46,2.898561
3,210_KAN_evDB_20140303a_PL2017,FW_lo, 1,46,2.546002
3,211_KAN_evDB_20140303b_PL2017,N_hi, 1,46,1.709168
3,211_KAN_evDB_20140303b_PL2017,N_hm, 1,46,-0.359603
3,211_KAN_evDB_20140303b_PL2017,N_lm, 1,46,1.360403
3,211_KAN_evDB_20140303b_PL2017,N_lo, 1,46,0.219751
3,211_KAN_evDB_20140303b_PL2017,AJ_hi, 1,46,-0.861993
3,211_KAN_evDB_20140303b_PL2017,AJ_hm, 1,46,-0.803436
3,211_KAN_evDB_20140303b_PL2017,AJ_lm, 1,46,2.616708
3,211_KAN_evDB_20140303b_PL2017,AJ_lo, 1,46,3.329235
3,211_KAN_evDB_20140303b_PL2017,V_hi, 1,46,2.140408
3,211_KAN_evDB_20140303b_PL2017,V_hm, 1,46,2.716014
3,211_KAN_evDB_20140303b_PL2017,V_lm, 1,46,0.968000
3,211_KAN_evDB_20140303b_PL2017,V_lo, 1,46,2.000307
3,211_KAN_evDB_20140303b_PL2017,AV_hi, 1,46,2.200630
3,211_KAN_evDB_20140303b_PL2017,AV_hm, 1,46,4.281354
3,211_KAN_evDB_20140303b_PL2017,AV_lm, 1,46,1.885944
3,211_KAN_evDB_20140303b_PL2017,AV_lo, 1,46,1.405131
3,211_KAN_evDB_20140303b_PL2017,FW_hi, 1,46,0.958278
3,211_KAN_evDB_20140303b_PL2017,FW_lo, 1,46,2.797909
3,221_KAN_evDB_20140808_PL2017,N_hi, 1,46,2.522114
3,221_KAN_evDB_20140808_PL2017,N_hm, 1,46,-0.840766
3,221_KAN_evDB_20140808_PL2017,N_lm, 1,46,0.458920
3,221_KAN_evDB_20140808_PL2017,N_lo, 1,46,3.232584
3,221_KAN_evDB_20140808_PL2017,AJ_hi, 1,46,0.104911
3,221_KAN_evDB_20140808_PL2017,AJ_hm, 1,46,1.587393
3,221_KAN_evDB_20140808_PL2017,AJ_lm, 1,46,0.548702
3,221_KAN_evDB_20140808_PL2017,AJ_lo, 1,46,-0.438127
3,221_KAN_evDB_20140808_PL2017,V_hi, 1,46,1.804723
3,221_KAN_evDB_20140808_PL2017,V_hm, 1,46,3.673869
3,221_KAN_evDB_20140808_PL2017,V_lm, 1,46,-0.683876
3,221_KAN_evDB_20140808_PL2017,V_lo, 1,46,0.347179
3,221_KAN_evDB_20140808_PL2017,AV_hi, 1,46,-0.016463
3,221_KAN_evDB_20140808_PL2017,AV_hm, 1,46,-0.668130
3,221_KAN_evDB_20140808_PL2017,AV_lm, 1,46,1.592356
3,221_KAN_evDB_20140808_PL2017,AV_lo, 1,46,1.101310
3,221_KAN_evDB_20140808_PL2017,FW_hi, 1,46,0.196624
3,221_KAN_evDB_20140808_PL2017,FW_lo, 1,46,1.907736
3,223_KAN_evDB_20140820a_PL2017,N_hi, 1,46,4.653454
3,223_KAN_evDB_20140820a_PL2017,N_hm, 1,46,-1.174301
3,223_KAN_evDB_20140820a_PL2017,N_lm, 1,46,0.602205
3,223_KAN_evDB_20140820a_PL2017,N_lo, 1,46,6.025955
3,223_KAN_evDB_20140820a_PL2017,AJ_hi, 1,46,3.940198
3,223_KAN_evDB_20140820a_PL2017,AJ_hm, 1,46,5.402306
3,223_KAN_evDB_20140820a_PL2017,AJ_lm, 1,46,0.266114
3,223_KAN_evDB_20140820a_PL2017,AJ_lo, 1,46,-1.547894
3,223_KAN_evDB_20140820a_PL2017,V_hi, 1,46,3.861598
3,223_KAN_evDB_20140820a_PL2017,V_hm, 1,46,4.374659
3,223_KAN_evDB_20140820a_PL2017,V_lm, 1,46,1.300934
3,223_KAN_evDB_20140820a_PL2017,V_lo, 1,46,-2.431972
3,223_KAN_evDB_20140820a_PL2017,AV_hi, 1,46,-0.551653
3,223_KAN_evDB_20140820a_PL2017,AV_hm, 1,46,0.626298
3,223_KAN_evDB_20140820a_PL2017,AV_lm, 1,46,3.324588
3,223_KAN_evDB_20140820a_PL2017,AV_lo, 1,46,3.671560
3,223_KAN_evDB_20140820a_PL2017,FW_hi, 1,46,-0.331484
3,223_KAN_evDB_20140820a_PL2017,FW_lo, 1,46,3.713306
3,214_KAN_evDB_20141103b_PL2017,N_hi, 1,46,0.365965
3,214_KAN_evDB_20141103b_PL2017,N_hm, 1,46,0.210658
3,214_KAN_evDB_20141103b_PL2017,N_lm, 1,46,0.226912
3,214_KAN_evDB_20141103b_PL2017,N_lo, 1,46,1.153030
3,214_KAN_evDB_20141103b_PL2017,AJ_hi, 1,46,0.905765
3,214_KAN_evDB_20141103b_PL2017,AJ_hm, 1,46,1.758098
3,214_KAN_evDB_20141103b_PL2017,AJ_lm, 1,46,0.067332
3,214_KAN_evDB_20141103b_PL2017,AJ_lo, 1,46,0.312040
3,214_KAN_evDB_20141103b_PL2017,V_hi, 1,46,0.499233
3,214_KAN_evDB_20141103b_PL2017,V_hm, 1,46,-0.251324
3,214_KAN_evDB_20141103b_PL2017,V_lm, 1,46,-0.309768
3,214_KAN_evDB_20141103b_PL2017,V_lo, 1,46,-0.083289
3,214_KAN_evDB_20141103b_PL2017,AV_hi, 1,46,0.389891
3,214_KAN_evDB_20141103b_PL2017,AV_hm, 1,46,0.626401
3,214_KAN_evDB_20141103b_PL2017,AV_lm, 1,46,0.568747
3,214_KAN_evDB_20141103b_PL2017,AV_lo, 1,46,0.609134
3,214_KAN_evDB_20141103b_PL2017,FW_hi, 1,46,-0.319104
3,214_KAN_evDB_20141103b_PL2017,FW_lo, 1,46,1.628854
3,240_KAN_evDB_20141103a_PL2017,N_hi, 1,46,2.004556
3,240_KAN_evDB_20141103a_PL2017,N_hm, 1,46,0.750812
3,240_KAN_evDB_20141103a_PL2017,N_lm, 1,46,1.151555
3,240_KAN_evDB_20141103a_PL2017,N_lo, 1,46,-1.376956
3,240_KAN_evDB_20141103a_PL2017,AJ_hi, 1,46,-1.327123
3,240_KAN_evDB_20141103a_PL2017,AJ_hm, 1,46,1.179419
3,240_KAN_evDB_20141103a_PL2017,AJ_lm, 1,46,0.181188
3,240_KAN_evDB_20141103a_PL2017,AJ_lo, 1,46,0.132190
3,240_KAN_evDB_20141103a_PL2017,V_hi, 1,46,-0.135229
3,240_KAN_evDB_20141103a_PL2017,V_hm, 1,46,-1.896211
3,240_KAN_evDB_20141103a_PL2017,V_lm, 1,46,2.408896
3,240_KAN_evDB_20141103a_PL2017,V_lo, 1,46,3.331442
3,240_KAN_evDB_20141103a_PL2017,AV_hi, 1,46,-1.904018
3,240_KAN_evDB_20141103a_PL2017,AV_hm, 1,46,-1.311907
3,240_KAN_evDB_20141103a_PL2017,AV_lm, 1,46,2.242820
3,240_KAN_evDB_20141103a_PL2017,AV_lo, 1,46,1.037729
3,240_KAN_evDB_20141103a_PL2017,FW_hi, 1,46,4.634005
3,240_KAN_evDB_20141103a_PL2017,FW_lo, 1,46,-2.079401
3,227_KAN_evDB_20141201c2_PL2017,N_hi, 1,46,0.892732
3,227_KAN_evDB_20141201c2_PL2017,N_hm, 1,46,1.755059
3,227_KAN_evDB_20141201c2_PL2017,N_lm, 1,46,2.298386
3,227_KAN_evDB_20141201c2_PL2017,N_lo, 1,46,3.656099
3,227_KAN_evDB_20141201c2_PL2017,AJ_hi, 1,46,1.932806
3,227_KAN_evDB_20141201c2_PL2017,AJ_hm, 1,46,-0.376917
3,227_KAN_evDB_20141201c2_PL2017,AJ_lm, 1,46,3.744221
3,227_KAN_evDB_20141201c2_PL2017,AJ_lo, 1,46,2.808874
3,227_KAN_evDB_20141201c2_PL2017,V_hi, 1,46,4.129918
3,227_KAN_evDB_20141201c2_PL2017,V_hm, 1,46,5.133190
3,227_KAN_evDB_20141201c2_PL2017,V_lm, 1,46,-1.731560
3,227_KAN_evDB_20141201c2_PL2017,V_lo, 1,46,-1.125209
3,227_KAN_evDB_20141201c2_PL2017,AV_hi, 1,46,3.363760
3,227_KAN_evDB_20141201c2_PL2017,AV_hm, 1,46,2.718064
3,227_KAN_evDB_20141201c2_PL2017,AV_lm, 1,46,0.128788
3,227_KAN_evDB_20141201c2_PL2017,AV_lo, 1,46,0.598417
3,227_KAN_evDB_20141201c2_PL2017,FW_hi, 1,46,1.069755
3,227_KAN_evDB_20141201c2_PL2017,FW_lo, 1,46,5.310782
3,192_KAN_EvDB_20150211b_PL2017,N_hi, 1,46,-3.913216
3,192_KAN_EvDB_20150211b_PL2017,N_hm, 1,46,4.341282
3,192_KAN_EvDB_20150211b_PL2017,N_lm, 1,46,3.739042
3,192_KAN_EvDB_20150211b_PL2017,N_lo, 1,46,-4.201140
3,192_KAN_EvDB_20150211b_PL2017,AJ_hi, 1,46,-2.951382
3,192_KAN_EvDB_20150211b_PL2017,AJ_hm, 1,46,-4.294630
3,192_KAN_EvDB_20150211b_PL2017,AJ_lm, 1,46,-1.546934
3,192_KAN_EvDB_20150211b_PL2017,AJ_lo, 1,46,0.955198
3,192_KAN_EvDB_20150211b_PL2017,V_hi, 1,46,-3.362321
3,192_KAN_EvDB_20150211b_PL2017,V_hm, 1,46,-6.342195
3,192_KAN_EvDB_20150211b_PL2017,V_lm, 1,46,2.599706
3,192_KAN_EvDB_20150211b_PL2017,V_lo, 1,46,2.926797
3,192_KAN_EvDB_20150211b_PL2017,AV_hi, 1,46,-1.168357
3,192_KAN_EvDB_20150211b_PL2017,AV_hm, 1,46,-4.548351
3,192_KAN_EvDB_20150211b_PL2017,AV_lm, 1,46,-4.190142
3,192_KAN_EvDB_20150211b_PL2017,AV_lo, 1,46,-5.083890
3,192_KAN_EvDB_20150211b_PL2017,FW_hi, 1,46,2.038105
3,192_KAN_EvDB_20150211b_PL2017,FW_lo, 1,46,-8.323184
3,253_KAN_EvDB_20150211a_PL2017,N_hi, 1,46,4.763856
3,253_KAN_EvDB_20150211a_PL2017,N_hm, 1,46,-2.482806
3,253_KAN_EvDB_20150211a_PL2017,N_lm, 1,46,-0.044492
3,253_KAN_EvDB_20150211a_PL2017,N_lo, 1,46,4.569654
3,253_KAN_EvDB_20150211a_PL2017,AJ_hi, 1,46,2.570181
3,253_KAN_EvDB_20150211a_PL2017,AJ_hm, 1,46,5.924961
3,253_KAN_EvDB_20150211a_PL2017,AJ_lm, 1,46,0.934775
3,253_KAN_EvDB_20150211a_PL2017,AJ_lo, 1,46,-2.141988
3,253_KAN_EvDB_20150211a_PL2017,V_hi, 1,46,4.899238
3,253_KAN_EvDB_20150211a_PL2017,V_hm, 1,46,7.192211
3,253_KAN_EvDB_20150211a_PL2017,V_lm, 1,46,1.240043
3,253_KAN_EvDB_20150211a_PL2017,V_lo, 1,46,1.194986
3,253_KAN_EvDB_20150211a_PL2017,AV_hi, 1,46,3.085713
3,253_KAN_EvDB_20150211a_PL2017,AV_hm, 1,46,0.955703
3,253_KAN_EvDB_20150211a_PL2017,AV_lm, 1,46,3.641759
3,253_KAN_EvDB_20150211a_PL2017,AV_lo, 1,46,5.411077
3,253_KAN_EvDB_20150211a_PL2017,FW_hi, 1,46,-0.245983
3,253_KAN_EvDB_20150211a_PL2017,FW_lo, 1,46,7.818629
3,254_KAN_EvDB_20150211c_PL2017,N_hi, 1,46,2.158115
3,254_KAN_EvDB_20150211c_PL2017,N_hm, 1,46,0.233175
3,254_KAN_EvDB_20150211c_PL2017,N_lm, 1,46,-1.357824
3,254_KAN_EvDB_20150211c_PL2017,N_lo, 1,46,-1.587183
3,254_KAN_EvDB_20150211c_PL2017,AJ_hi, 1,46,2.539957
3,254_KAN_EvDB_20150211c_PL2017,AJ_hm, 1,46,1.372683
3,254_KAN_EvDB_20150211c_PL2017,AJ_lm, 1,46,0.652001
3,254_KAN_EvDB_20150211c_PL2017,AJ_lo, 1,46,1.977390
3,254_KAN_EvDB_20150211c_PL2017,V_hi, 1,46,-0.914061
3,254_KAN_EvDB_20150211c_PL2017,V_hm, 1,46,-0.037980
3,254_KAN_EvDB_20150211c_PL2017,V_lm, 1,46,1.816448
3,254_KAN_EvDB_20150211c_PL2017,V_lo, 1,46,0.848071
3,254_KAN_EvDB_20150211c_PL2017,AV_hi, 1,46,-2.042195
3,254_KAN_EvDB_20150211c_PL2017,AV_hm, 1,46,0.739694
3,254_KAN_EvDB_20150211c_PL2017,AV_lm, 1,46,3.572063
3,254_KAN_EvDB_20150211c_PL2017,AV_lo, 1,46,1.977925
3,254_KAN_EvDB_20150211c_PL2017,FW_hi, 1,46,0.093416
3,254_KAN_EvDB_20150211c_PL2017,FW_lo, 1,46,-1.764819
3,117_KAN_EvDB_20150217c_PL2017,N_hi, 1,46,0.755129
3,117_KAN_EvDB_20150217c_PL2017,N_hm, 1,46,1.419152
3,117_KAN_EvDB_20150217c_PL2017,N_lm, 1,46,2.382562
3,117_KAN_EvDB_20150217c_PL2017,N_lo, 1,46,1.495232
3,117_KAN_EvDB_20150217c_PL2017,AJ_hi, 1,46,0.644740
3,117_KAN_EvDB_20150217c_PL2017,AJ_hm, 1,46,0.367801
3,117_KAN_EvDB_20150217c_PL2017,AJ_lm, 1,46,1.426389
3,117_KAN_EvDB_20150217c_PL2017,AJ_lo, 1,46,3.561006
3,117_KAN_EvDB_20150217c_PL2017,V_hi, 1,46,0.352168
3,117_KAN_EvDB_20150217c_PL2017,V_hm, 1,46,-0.471305
3,117_KAN_EvDB_20150217c_PL2017,V_lm, 1,46,1.024662
3,117_KAN_EvDB_20150217c_PL2017,V_lo, 1,46,0.023637
3,117_KAN_EvDB_20150217c_PL2017,AV_hi, 1,46,-0.222140
3,117_KAN_EvDB_20150217c_PL2017,AV_hm, 1,46,0.690407
3,117_KAN_EvDB_20150217c_PL2017,AV_lm, 1,46,0.747785
3,117_KAN_EvDB_20150217c_PL2017,AV_lo, 1,46,0.040837
3,117_KAN_EvDB_20150217c_PL2017,FW_hi, 1,46,2.855579
3,117_KAN_EvDB_20150217c_PL2017,FW_lo, 1,46,0.252721
3,127_KAN_EvDB_20150217a_PL2017,N_hi, 1,46,1.913465
3,127_KAN_EvDB_20150217a_PL2017,N_hm, 1,46,0.018281
3,127_KAN_EvDB_20150217a_PL2017,N_lm, 1,46,1.348181
3,127_KAN_EvDB_20150217a_PL2017,N_lo, 1,46,2.873419
3,127_KAN_EvDB_20150217a_PL2017,AJ_hi, 1,46,0.157518
3,127_KAN_EvDB_20150217a_PL2017,AJ_hm, 1,46,-1.836739
3,127_KAN_EvDB_20150217a_PL2017,AJ_lm, 1,46,3.817520
3,127_KAN_EvDB_20150217a_PL2017,AJ_lo, 1,46,1.835550
3,127_KAN_EvDB_20150217a_PL2017,V_hi, 1,46,4.368921
3,127_KAN_EvDB_20150217a_PL2017,V_hm, 1,46,4.910796
3,127_KAN_EvDB_20150217a_PL2017,V_lm, 1,46,-1.520297
3,127_KAN_EvDB_20150217a_PL2017,V_lo, 1,46,-0.000485
3,127_KAN_EvDB_20150217a_PL2017,AV_hi, 1,46,3.077932
3,127_KAN_EvDB_20150217a_PL2017,AV_hm, 1,46,5.481543
3,127_KAN_EvDB_20150217a_PL2017,AV_lm, 1,46,1.635158
3,127_KAN_EvDB_20150217a_PL2017,AV_lo, 1,46,2.136249
3,127_KAN_EvDB_20150217a_PL2017,FW_hi, 1,46,-0.039386
3,127_KAN_EvDB_20150217a_PL2017,FW_lo, 1,46,6.494508
3,259_KAN_EvDB_20150224c_PL2017,N_hi, 1,46,1.431198
3,259_KAN_EvDB_20150224c_PL2017,N_hm, 1,46,1.707029
3,259_KAN_EvDB_20150224c_PL2017,N_lm, 1,46,2.198651
3,259_KAN_EvDB_20150224c_PL2017,N_lo, 1,46,2.822887
3,259_KAN_EvDB_20150224c_PL2017,AJ_hi, 1,46,3.210373
3,259_KAN_EvDB_20150224c_PL2017,AJ_hm, 1,46,1.634670
3,259_KAN_EvDB_20150224c_PL2017,AJ_lm, 1,46,3.554440
3,259_KAN_EvDB_20150224c_PL2017,AJ_lo, 1,46,2.553127
3,259_KAN_EvDB_20150224c_PL2017,V_hi, 1,46,1.813104
3,259_KAN_EvDB_20150224c_PL2017,V_hm, 1,46,2.559891
3,259_KAN_EvDB_20150224c_PL2017,V_lm, 1,46,1.012003
3,259_KAN_EvDB_20150224c_PL2017,V_lo, 1,46,0.628265
3,259_KAN_EvDB_20150224c_PL2017,AV_hi, 1,46,3.326247
3,259_KAN_EvDB_20150224c_PL2017,AV_hm, 1,46,3.033393
3,259_KAN_EvDB_20150224c_PL2017,AV_lm, 1,46,1.653952
3,259_KAN_EvDB_20150224c_PL2017,AV_lo, 1,46,1.296154
3,259_KAN_EvDB_20150224c_PL2017,FW_hi, 1,46,1.412790
3,259_KAN_EvDB_20150224c_PL2017,FW_lo, 1,46,3.304655
3,264_KAN_EvDB_20150310c_PL2017,N_hi, 1,46,1.400976
3,264_KAN_EvDB_20150310c_PL2017,N_hm, 1,46,2.289071
3,264_KAN_EvDB_20150310c_PL2017,N_lm, 1,46,2.228924
3,264_KAN_EvDB_20150310c_PL2017,N_lo, 1,46,0.534411
3,264_KAN_EvDB_20150310c_PL2017,AJ_hi, 1,46,2.609226
3,264_KAN_EvDB_20150310c_PL2017,AJ_hm, 1,46,2.886218
3,264_KAN_EvDB_20150310c_PL2017,AJ_lm, 1,46,3.544459
3,264_KAN_EvDB_20150310c_PL2017,AJ_lo, 1,46,2.017683
3,264_KAN_EvDB_20150310c_PL2017,V_hi, 1,46,0.828500
3,264_KAN_EvDB_20150310c_PL2017,V_hm, 1,46,2.240233
3,264_KAN_EvDB_20150310c_PL2017,V_lm, 1,46,1.808750
3,264_KAN_EvDB_20150310c_PL2017,V_lo, 1,46,-0.254670
3,264_KAN_EvDB_20150310c_PL2017,AV_hi, 1,46,1.637624
3,264_KAN_EvDB_20150310c_PL2017,AV_hm, 1,46,1.163456
3,264_KAN_EvDB_20150310c_PL2017,AV_lm, 1,46,2.309049
3,264_KAN_EvDB_20150310c_PL2017,AV_lo, 1,46,2.841838
3,264_KAN_EvDB_20150310c_PL2017,FW_hi, 1,46,4.129746
3,264_KAN_EvDB_20150310c_PL2017,FW_lo, 1,46,2.254433
4,208_KAN_evDB_20140121a_PL2017,N_hi, 1,162,0.141587
4,208_KAN_evDB_20140121a_PL2017,N_hm, 1,162,2.006743
4,208_KAN_evDB_20140121a_PL2017,N_lm, 1,162,1.847130
4,208_KAN_evDB_20140121a_PL2017,N_lo, 1,162,0.347779
4,208_KAN_evDB_20140121a_PL2017,AJ_hi, 1,162,1.311268
4,208_KAN_evDB_20140121a_PL2017,AJ_hm, 1,162,0.904063
4,208_KAN_evDB_20140121a_PL2017,AJ_lm, 1,162,0.614635
4,208_KAN_evDB_20140121a_PL2017,AJ_lo, 1,162,-0.414407
4,208_KAN_evDB_20140121a_PL2017,V_hi, 1,162,0.017898
4,208_KAN_evDB_20140121a_PL2017,V_hm, 1,162,-0.335412
4,208_KAN_evDB_20140121a_PL2017,V_lm, 1,162,1.391477
4,208_KAN_evDB_20140121a_PL2017,V_lo, 1,162,0.996855
4,208_KAN_evDB_20140121a_PL2017,AV_hi, 1,162,1.593023
4,208_KAN_evDB_20140121a_PL2017,AV_hm, 1,162,0.799477
4,208_KAN_evDB_20140121a_PL2017,AV_lm, 1,162,-0.139265
4,208_KAN_evDB_20140121a_PL2017,AV_lo, 1,162,0.494605
4,208_KAN_evDB_20140121a_PL2017,FW_hi, 1,162,1.206995
4,208_KAN_evDB_20140121a_PL2017,FW_lo, 1,162,0.921455
4,209_KAN_evDB_20140224_PL2017,N_hi, 1,162,-0.256543
4,209_KAN_evDB_20140224_PL2017,N_hm, 1,162,0.316815
4,209_KAN_evDB_20140224_PL2017,N_lm, 1,162,0.562410
4,209_KAN_evDB_20140224_PL2017,N_lo, 1,162,-1.005016
4,209_KAN_evDB_20140224_PL2017,AJ_hi, 1,162,0.343370
4,209_KAN_evDB_20140224_PL2017,AJ_hm, 1,162,1.101520
4,209_KAN_evDB_20140224_PL2017,AJ_lm, 1,162,0.679149
4,209_KAN_evDB_20140224_PL2017,AJ_lo, 1,162,-0.120423
4,209_KAN_evDB_20140224_PL2017,V_hi, 1,162,0.257811
4,209_KAN_evDB_20140224_PL2017,V_hm, 1,162,0.225610
4,209_KAN_evDB_20140224_PL2017,V_lm, 1,162,0.366993
4,209_KAN_evDB_20140224_PL2017,V_lo, 1,162,0.690668
4,209_KAN_evDB_20140224_PL2017,AV_hi, 1,162,0.631297
4,209_KAN_evDB_20140224_PL2017,AV_hm, 1,162,0.265293
4,209_KAN_evDB_20140224_PL2017,AV_lm, 1,162,0.556316
4,209_KAN_evDB_20140224_PL2017,AV_lo, 1,162,1.107366
4,209_KAN_evDB_20140224_PL2017,FW_hi, 1,162,1.284370
4,209_KAN_evDB_20140224_PL2017,FW_lo, 1,162,-1.125566
4,210_KAN_evDB_20140303a_PL2017,N_hi, 1,162,0.311944
4,210_KAN_evDB_20140303a_PL2017,N_hm, 1,162,-0.550974
4,210_KAN_evDB_20140303a_PL2017,N_lm, 1,162,0.802834
4,210_KAN_evDB_20140303a_PL2017,N_lo, 1,162,1.189114
4,210_KAN_evDB_20140303a_PL2017,AJ_hi, 1,162,-1.836681
4,210_KAN_evDB_20140303a_PL2017,AJ_hm, 1,162,-1.449465
4,210_KAN_evDB_20140303a_PL2017,AJ_lm, 1,162,0.506731
4,210_KAN_evDB_20140303a_PL2017,AJ_lo, 1,162,-0.631334
4,210_KAN_evDB_20140303a_PL2017,V_hi, 1,162,1.763467
4,210_KAN_evDB_20140303a_PL2017,V_hm, 1,162,1.136644
4,210_KAN_evDB_20140303a_PL2017,V_lm, 1,162,0.945162
4,210_KAN_evDB_20140303a_PL2017,V_lo, 1,162,0.807777
4,210_KAN_evDB_20140303a_PL2017,AV_hi, 1,162,-0.805209
4,210_KAN_evDB_20140303a_PL2017,AV_hm, 1,162,0.048409
4,210_KAN_evDB_20140303a_PL2017,AV_lm, 1,162,0.595911
4,210_KAN_evDB_20140303a_PL2017,AV_lo, 1,162,1.685635
4,210_KAN_evDB_20140303a_PL2017,FW_hi, 1,162,2.109743
4,210_KAN_evDB_20140303a_PL2017,FW_lo, 1,162,-1.508311
4,211_KAN_evDB_20140303b_PL2017,N_hi, 1,162,1.565082
4,211_KAN_evDB_20140303b_PL2017,N_hm, 1,162,-0.817234
4,211_KAN_evDB_20140303b_PL2017,N_lm, 1,162,0.175335
4,211_KAN_evDB_20140303b_PL2017,N_lo, 1,162,0.284376
4,211_KAN_evDB_20140303b_PL2017,AJ_hi, 1,162,-0.450689
4,211_KAN_evDB_20140303b_PL2017,AJ_hm, 1,162,-0.173162
4,211_KAN_evDB_20140303b_PL2017,AJ_lm, 1,162,1.234843
4,211_KAN_evDB_20140303b_PL2017,AJ_lo, 1,162,1.811240
4,211_KAN_evDB_20140303b_PL2017,V_hi, 1,162,0.759540
4,211_KAN_evDB_20140303b_PL2017,V_hm, 1,162,1.169511
4,211_KAN_evDB_20140303b_PL2017,V_lm, 1,162,-0.228275
4,211_KAN_evDB_20140303b_PL2017,V_lo, 1,162,0.503419
4,211_KAN_evDB_20140303b_PL2017,AV_hi, 1,162,0.826427
4,211_KAN_evDB_20140303b_PL2017,AV_hm, 1,162,2.156891
4,211_KAN_evDB_20140303b_PL2017,AV_lm, 1,162,0.359251
4,211_KAN_evDB_20140303b_PL2017,AV_lo, 1,162,0.250020
4,211_KAN_evDB_20140303b_PL2017,FW_hi, 1,162,-0.253997
4,211_KAN_evDB_20140303b_PL2017,FW_lo, 1,162,1.848096
4,221_KAN_evDB_20140808_PL2017,N_hi, 1,162,1.614639
4,221_KAN_evDB_20140808_PL2017,N_hm, 1,162,1.363678
4,221_KAN_evDB_20140808_PL2017,N_lm, 1,162,2.088259
4,221_KAN_evDB_20140808_PL2017,N_lo, 1,162,2.343474
4,221_KAN_evDB_20140808_PL2017,AJ_hi, 1,162,1.429385
4,221_KAN_evDB_20140808_PL2017,AJ_hm, 1,162,2.504642
4,221_KAN_evDB_20140808_PL2017,AJ_lm, 1,162,2.309833
4,221_KAN_evDB_20140808_PL2017,AJ_lo, 1,162,-0.560427
4,221_KAN_evDB_20140808_PL2017,V_hi, 1,162,1.956447
4,221_KAN_evDB_20140808_PL2017,V_hm, 1,162,1.654870
4,221_KAN_evDB_20140808_PL2017,V_lm, 1,162,1.128800
4,221_KAN_evDB_20140808_PL2017,V_lo, 1,162,1.881312
4,221_KAN_evDB_20140808_PL2017,AV_hi, 1,162,1.055925
4,221_KAN_evDB_20140808_PL2017,AV_hm, 1,162,0.806043
4,221_KAN_evDB_20140808_PL2017,AV_lm, 1,162,2.525493
4,221_KAN_evDB_20140808_PL2017,AV_lo, 1,162,2.174494
4,221_KAN_evDB_20140808_PL2017,FW_hi, 1,162,3.096130
4,221_KAN_evDB_20140808_PL2017,FW_lo, 1,162,1.524590
4,223_KAN_evDB_20140820a_PL2017,N_hi, 1,162,2.139183
4,223_KAN_evDB_20140820a_PL2017,N_hm, 1,162,1.676723
4,223_KAN_evDB_20140820a_PL2017,N_lm, 1,162,-0.934798
4,223_KAN_evDB_20140820a_PL2017,N_lo, 1,162,2.407641
4,223_KAN_evDB_20140820a_PL2017,AJ_hi, 1,162,3.379484
4,223_KAN_evDB_20140820a_PL2017,AJ_hm, 1,162,1.923454
4,223_KAN_evDB_20140820a_PL2017,AJ_lm, 1,162,-1.336409
4,223_KAN_evDB_20140820a_PL2017,AJ_lo, 1,162,-1.188514
4,223_KAN_evDB_20140820a_PL2017,V_hi, 1,162,0.068797
4,223_KAN_evDB_20140820a_PL2017,V_hm, 1,162,0.531389
4,223_KAN_evDB_20140820a_PL2017,V_lm, 1,162,2.031992
4,223_KAN_evDB_20140820a_PL2017,V_lo, 1,162,-0.169019
4,223_KAN_evDB_20140820a_PL2017,AV_hi, 1,162,-0.541068
4,223_KAN_evDB_20140820a_PL2017,AV_hm, 1,162,-0.534052
4,223_KAN_evDB_20140820a_PL2017,AV_lm, 1,162,1.442061
4,223_KAN_evDB_20140820a_PL2017,AV_lo, 1,162,2.267273
4,223_KAN_evDB_20140820a_PL2017,FW_hi, 1,162,-0.530345
4,223_KAN_evDB_20140820a_PL2017,FW_lo, 1,162,0.870278
4,214_KAN_evDB_20141103b_PL2017,N_hi, 1,162,0.288266
4,214_KAN_evDB_20141103b_PL2017,N_hm, 1,162,0.795245
4,214_KAN_evDB_20141103b_PL2017,N_lm, 1,162,0.298076
4,214_KAN_evDB_20141103b_PL2017,N_lo, 1,162,0.722398
4,214_KAN_evDB_20141103b_PL2017,AJ_hi, 1,162,1.029292
4,214_KAN_evDB_20141103b_PL2017,AJ_hm, 1,162,0.443261
4,214_KAN_evDB_20141103b_PL2017,AJ_lm, 1,162,0.345555
4,214_KAN_evDB_20141103b_PL2017,AJ_lo, 1,162,1.021331
4,214_KAN_evDB_20141103b_PL2017,V_hi, 1,162,0.485064
4,214_KAN_evDB_20141103b_PL2017,V_hm, 1,162,0.308467
4,214_KAN_evDB_20141103b_PL2017,V_lm, 1,162,0.538788
4,214_KAN_evDB_20141103b_PL2017,V_lo, 1,162,-0.205780
4,214_KAN_evDB_20141103b_PL2017,AV_hi, 1,162,0.787000
4,214_KAN_evDB_20141103b_PL2017,AV_hm, 1,162,1.146712
4,214_KAN_evDB_20141103b_PL2017,AV_lm, 1,162,0.397740
4,214_KAN_evDB_20141103b_PL2017,AV_lo, 1,162,0.406956
4,214_KAN_evDB_20141103b_PL2017,FW_hi, 1,162,-0.122868
4,214_KAN_evDB_20141103b_PL2017,FW_lo, 1,162,1.433079
4,240_KAN_evDB_20141103a_PL2017,N_hi, 1,162,0.548452
4,240_KAN_evDB_20141103a_PL2017,N_hm, 1,162,0.199488
4,240_KAN_evDB_20141103a_PL2017,N_lm, 1,162,0.437422
4,240_KAN_evDB_20141103a_PL2017,N_lo, 1,162,0.619993
4,240_KAN_evDB_20141103a_PL2017,AJ_hi, 1,162,0.165124
4,240_KAN_evDB_20141103a_PL2017,AJ_hm, 1,162,0.452237
4,240_KAN_evDB_20141103a_PL2017,AJ_lm, 1,162,2.016983
4,240_KAN_evDB_20141103a_PL2017,AJ_lo, 1,162,0.821625
4,240_KAN_evDB_20141103a_PL2017,V_hi, 1,162,0.248383
4,240_KAN_evDB_20141103a_PL2017,V_hm, 1,162,-0.216875
4,240_KAN_evDB_20141103a_PL2017,V_lm, 1,162,0.175105
4,240_KAN_evDB_20141103a_PL2017,V_lo, 1,162,1.001576
4,240_KAN_evDB_20141103a_PL2017,AV_hi, 1,162,0.504400
4,240_KAN_evDB_20141103a_PL2017,AV_hm, 1,162,-0.099283
4,240_KAN_evDB_20141103a_PL2017,AV_lm, 1,162,1.054136
4,240_KAN_evDB_20141103a_PL2017,AV_lo, 1,162,1.215077
4,240_KAN_evDB_20141103a_PL2017,FW_hi, 1,162,1.822060
4,240_KAN_evDB_20141103a_PL2017,FW_lo, 1,162,-0.497140
4,227_KAN_evDB_20141201c2_PL2017,N_hi, 1,162,1.146393
4,227_KAN_evDB_20141201c2_PL2017,N_hm, 1,162,0.499835
4,227_KAN_evDB_20141201c2_PL2017,N_lm, 1,162,0.004893
4,227_KAN_evDB_20141201c2_PL2017,N_lo, 1,162,2.376060
4,227_KAN_evDB_20141201c2_PL2017,AJ_hi, 1,162,1.299230
4,227_KAN_evDB_20141201c2_PL2017,AJ_hm, 1,162,1.031908
4,227_KAN_evDB_20141201c2_PL2017,AJ_lm, 1,162,1.234579
4,227_KAN_evDB_20141201c2_PL2017,AJ_lo, 1,162,0.564673
4,227_KAN_evDB_20141201c2_PL2017,V_hi, 1,162,0.941378
4,227_KAN_evDB_20141201c2_PL2017,V_hm, 1,162,0.766832
4,227_KAN_evDB_20141201c2_PL2017,V_lm, 1,162,-0.641330
4,227_KAN_evDB_20141201c2_PL2017,V_lo, 1,162,-0.880836
4,227_KAN_evDB_20141201c2_PL2017,AV_hi, 1,162,-0.991109
4,227_KAN_evDB_20141201c2_PL2017,AV_hm, 1,162,-0.528200
4,227_KAN_evDB_20141201c2_PL2017,AV_lm, 1,162,0.246927
4,227_KAN_evDB_20141201c2_PL2017,AV_lo, 1,162,0.444788
4,227_KAN_evDB_20141201c2_PL2017,FW_hi, 1,162,1.588655
4,227_KAN_evDB_20141201c2_PL2017,FW_lo, 1,162,1.511956
4,192_KAN_EvDB_20150211b_PL2017,N_hi, 1,162,-1.534903
4,192_KAN_EvDB_20150211b_PL2017,N_hm, 1,162,1.468601
4,192_KAN_EvDB_20150211b_PL2017,N_lm, 1,162,1.962556
4,192_KAN_EvDB_20150211b_PL2017,N_lo, 1,162,-0.799470
4,192_KAN_EvDB_20150211b_PL2017,AJ_hi, 1,162,-0.621202
4,192_KAN_EvDB_20150211b_PL2017,AJ_hm, 1,162,0.064017
4,192_KAN_EvDB_20150211b_PL2017,AJ_lm, 1,162,-0.540794
4,192_KAN_EvDB_20150211b_PL2017,AJ_lo, 1,162,-0.471407
4,192_KAN_EvDB_20150211b_PL2017,V_hi, 1,162,-0.492229
4,192_KAN_EvDB_20150211b_PL2017,V_hm, 1,162,-1.625824
4,192_KAN_EvDB_20150211b_PL2017,V_lm, 1,162,1.038032
4,192_KAN_EvDB_20150211b_PL2017,V_lo, 1,162,1.179239
4,192_KAN_EvDB_20150211b_PL2017,AV_hi, 1,162,-0.163023
4,192_KAN_EvDB_20150211b_PL2017,AV_hm, 1,162,-1.434741
4,192_KAN_EvDB_20150211b_PL2017,AV_lm, 1,162,0.377291
4,192_KAN_EvDB_20150211b_PL2017,AV_lo, 1,162,-0.563741
4,192_KAN_EvDB_20150211b_PL2017,FW_hi, 1,162,1.187177
4,192_KAN_EvDB_20150211b_PL2017,FW_lo, 1,162,-2.803743
4,253_KAN_EvDB_20150211a_PL2017,N_hi, 1,162,2.929675
4,253_KAN_EvDB_20150211a_PL2017,N_hm, 1,162,-4.085246
4,253_KAN_EvDB_20150211a_PL2017,N_lm, 1,162,-1.615580
4,253_KAN_EvDB_20150211a_PL2017,N_lo, 1,162,1.566293
4,253_KAN_EvDB_20150211a_PL2017,AJ_hi, 1,162,-0.664254
4,253_KAN_EvDB_20150211a_PL2017,AJ_hm, 1,162,3.418820
4,253_KAN_EvDB_20150211a_PL2017,AJ_lm, 1,162,-1.510983
4,253_KAN_EvDB_20150211a_PL2017,AJ_lo, 1,162,-4.133622
4,253_KAN_EvDB_20150211a_PL2017,V_hi, 1,162,3.312994
4,253_KAN_EvDB_20150211a_PL2017,V_hm, 1,162,4.563882
4,253_KAN_EvDB_20150211a_PL2017,V_lm, 1,162,1.344105
4,253_KAN_EvDB_20150211a_PL2017,V_lo, 1,162,1.853414
4,253_KAN_EvDB_20150211a_PL2017,AV_hi, 1,162,1.256171
4,253_KAN_EvDB_20150211a_PL2017,AV_hm, 1,162,-0.408838
4,253_KAN_EvDB_20150211a_PL2017,AV_lm, 1,162,2.047500
4,253_KAN_EvDB_20150211a_PL2017,AV_lo, 1,162,4.489968
4,253_KAN_EvDB_20150211a_PL2017,FW_hi, 1,162,-2.095420
4,253_KAN_EvDB_20150211a_PL2017,FW_lo, 1,162,3.814607
4,254_KAN_EvDB_20150211c_PL2017,N_hi, 1,162,-0.422394
4,254_KAN_EvDB_20150211c_PL2017,N_hm, 1,162,-0.119807
4,254_KAN_EvDB_20150211c_PL2017,N_lm, 1,162,-0.313235
4,254_KAN_EvDB_20150211c_PL2017,N_lo, 1,162,1.759809
4,254_KAN_EvDB_20150211c_PL2017,AJ_hi, 1,162,1.593177
4,254_KAN_EvDB_20150211c_PL2017,AJ_hm, 1,162,0.391222
4,254_KAN_EvDB_20150211c_PL2017,AJ_lm, 1,162,1.380158
4,254_KAN_EvDB_20150211c_PL2017,AJ_lo, 1,162,0.008633
4,254_KAN_EvDB_20150211c_PL2017,V_hi, 1,162,1.371049
4,254_KAN_EvDB_20150211c_PL2017,V_hm, 1,162,2.162362
4,254_KAN_EvDB_20150211c_PL2017,V_lm, 1,162,-0.884389
4,254_KAN_EvDB_20150211c_PL2017,V_lo, 1,162,-0.263907
4,254_KAN_EvDB_20150211c_PL2017,AV_hi, 1,162,1.597180
4,254_KAN_EvDB_20150211c_PL2017,AV_hm, 1,162,1.321271
4,254_KAN_EvDB_20150211c_PL2017,AV_lm, 1,162,-1.217805
4,254_KAN_EvDB_20150211c_PL2017,AV_lo, 1,162,-0.716404
4,254_KAN_EvDB_20150211c_PL2017,FW_hi, 1,162,-2.694147
4,254_KAN_EvDB_20150211c_PL2017,FW_lo, 1,162,2.906717
4,117_KAN_EvDB_20150217c_PL2017,N_hi, 1,162,1.130896
4,117_KAN_EvDB_20150217c_PL2017,N_hm, 1,162,-0.331160
4,117_KAN_EvDB_20150217c_PL2017,N_lm, 1,162,-0.782480
4,117_KAN_EvDB_20150217c_PL2017,N_lo, 1,162,1.003213
4,117_KAN_EvDB_20150217c_PL2017,AJ_hi, 1,162,1.102135
4,117_KAN_EvDB_20150217c_PL2017,AJ_hm, 1,162,0.543042
4,117_KAN_EvDB_20150217c_PL2017,AJ_lm, 1,162,-1.246486
4,117_KAN_EvDB_20150217c_PL2017,AJ_lo, 1,162,-0.217527
4,117_KAN_EvDB_20150217c_PL2017,V_hi, 1,162,0.556184
4,117_KAN_EvDB_20150217c_PL2017,V_hm, 1,162,0.407306
4,117_KAN_EvDB_20150217c_PL2017,V_lm, 1,162,0.851059
4,117_KAN_EvDB_20150217c_PL2017,V_lo, 1,162,-0.282112
4,117_KAN_EvDB_20150217c_PL2017,AV_hi, 1,162,-0.660667
4,117_KAN_EvDB_20150217c_PL2017,AV_hm, 1,162,0.311290
4,117_KAN_EvDB_20150217c_PL2017,AV_lm, 1,162,1.041411
4,117_KAN_EvDB_20150217c_PL2017,AV_lo, 1,162,1.178461
4,117_KAN_EvDB_20150217c_PL2017,FW_hi, 1,162,-0.730796
4,117_KAN_EvDB_20150217c_PL2017,FW_lo, 1,162,1.173859
4,127_KAN_EvDB_20150217a_PL2017,N_hi, 1,162,-0.467321
4,127_KAN_EvDB_20150217a_PL2017,N_hm, 1,162,-0.770196
4,127_KAN_EvDB_20150217a_PL2017,N_lm, 1,162,-0.841853
4,127_KAN_EvDB_20150217a_PL2017,N_lo, 1,162,0.166460
4,127_KAN_EvDB_20150217a_PL2017,AJ_hi, 1,162,-0.863693
4,127_KAN_EvDB_20150217a_PL2017,AJ_hm, 1,162,-1.039678
4,127_KAN_EvDB_20150217a_PL2017,AJ_lm, 1,162,0.762889
4,127_KAN_EvDB_20150217a_PL2017,AJ_lo, 1,162,-0.590662
4,127_KAN_EvDB_20150217a_PL2017,V_hi, 1,162,0.701686
4,127_KAN_EvDB_20150217a_PL2017,V_hm, 1,162,0.390222
4,127_KAN_EvDB_20150217a_PL2017,V_lm, 1,162,-0.635481
4,127_KAN_EvDB_20150217a_PL2017,V_lo, 1,162,-0.773710
4,127_KAN_EvDB_20150217a_PL2017,AV_hi, 1,162,0.464570
4,127_KAN_EvDB_20150217a_PL2017,AV_hm, 1,162,0.928000
4,127_KAN_EvDB_20150217a_PL2017,AV_lm, 1,162,-0.077137
4,127_KAN_EvDB_20150217a_PL2017,AV_lo, 1,162,-0.402288
4,127_KAN_EvDB_20150217a_PL2017,FW_hi, 1,162,-1.855226
4,127_KAN_EvDB_20150217a_PL2017,FW_lo, 1,162,0.481893
4,259_KAN_EvDB_20150224c_PL2017,N_hi, 1,162,2.363251
4,259_KAN_EvDB_20150224c_PL2017,N_hm, 1,162,1.525226
4,259_KAN_EvDB_20150224c_PL2017,N_lm, 1,162,2.102661
4,259_KAN_EvDB_20150224c_PL2017,N_lo, 1,162,1.813594
4,259_KAN_EvDB_20150224c_PL2017,AJ_hi, 1,162,1.365322
4,259_KAN_EvDB_20150224c_PL2017,AJ_hm, 1,162,0.551784
4,259_KAN_EvDB_20150224c_PL2017,AJ_lm, 1,162,1.729562
4,259_KAN_EvDB_20150224c_PL2017,AJ_lo, 1,162,2.785005
4,259_KAN_EvDB_20150224c_PL2017,V_hi, 1,162,1.421500
4,259_KAN_EvDB_20150224c_PL2017,V_hm, 1,162,2.164706
4,259_KAN_EvDB_20150224c_PL2017,V_lm, 1,162,1.769068
4,259_KAN_EvDB_20150224c_PL2017,V_lo, 1,162,1.645565
4,259_KAN_EvDB_20150224c_PL2017,AV_hi, 1,162,1.841678
4,259_KAN_EvDB_20150224c_PL2017,AV_hm, 1,162,2.482445
4,259_KAN_EvDB_20150224c_PL2017,AV_lm, 1,162,1.093293
4,259_KAN_EvDB_20150224c_PL2017,AV_lo, 1,162,0.689318
4,259_KAN_EvDB_20150224c_PL2017,FW_hi, 1,162,1.562097
4,259_KAN_EvDB_20150224c_PL2017,FW_lo, 1,162,2.868373
4,264_KAN_EvDB_20150310c_PL2017,N_hi, 1,162,2.855643
4,264_KAN_EvDB_20150310c_PL2017,N_hm, 1,162,-0.934884
4,264_KAN_EvDB_20150310c_PL2017,N_lm, 1,162,-0.899614
4,264_KAN_EvDB_20150310c_PL2017,N_lo, 1,162,1.887045
4,264_KAN_EvDB_20150310c_PL2017,AJ_hi, 1,162,1.700468
4,264_KAN_EvDB_20150310c_PL2017,AJ_hm, 1,162,2.130009
4,264_KAN_EvDB_20150310c_PL2017,AJ_lm, 1,162,0.959236
4,264_KAN_EvDB_20150310c_PL2017,AJ_lo, 1,162,0.768474
4,264_KAN_EvDB_20150310c_PL2017,V_hi, 1,162,1.058452
4,264_KAN_EvDB_20150310c_PL2017,V_hm, 1,162,1.869331
4,264_KAN_EvDB_20150310c_PL2017,V_lm, 1,162,-0.424855
4,264_KAN_EvDB_20150310c_PL2017,V_lo, 1,162,0.365824
4,264_KAN_EvDB_20150310c_PL2017,AV_hi, 1,162,-0.535004
4,264_KAN_EvDB_20150310c_PL2017,AV_hm, 1,162,-0.102755
4,264_KAN_EvDB_20150310c_PL2017,AV_lm, 1,162,2.759589
4,264_KAN_EvDB_20150310c_PL2017,AV_lo, 1,162,1.480447
4,264_KAN_EvDB_20150310c_PL2017,FW_hi, 1,162,0.281386
4,264_KAN_EvDB_20150310c_PL2017,FW_lo, 1,162,2.825464
5,208_KAN_evDB_20140121a_PL2017,N_hi, 1,294,0.534972
5,208_KAN_evDB_20140121a_PL2017,N_hm, 1,294,2.175452
5,208_KAN_evDB_20140121a_PL2017,N_lm, 1,294,2.006391
5,208_KAN_evDB_20140121a_PL2017,N_lo, 1,294,0.737622
5,208_KAN_evDB_20140121a_PL2017,AJ_hi, 1,294,1.196874
5,208_KAN_evDB_20140121a_PL2017,AJ_hm, 1,294,1.912031
5,208_KAN_evDB_20140121a_PL2017,AJ_lm, 1,294,0.742911
5,208_KAN_evDB_20140121a_PL2017,AJ_lo, 1,294,-1.347516
5,208_KAN_evDB_20140121a_PL2017,V_hi, 1,294,0.319482
5,208_KAN_evDB_20140121a_PL2017,V_hm, 1,294,-0.563635
5,208_KAN_evDB_20140121a_PL2017,V_lm, 1,294,1.135332
5,208_KAN_evDB_20140121a_PL2017,V_lo, 1,294,1.489943
5,208_KAN_evDB_20140121a_PL2017,AV_hi, 1,294,0.481084
5,208_KAN_evDB_20140121a_PL2017,AV_hm, 1,294,-0.262897
5,208_KAN_evDB_20140121a_PL2017,AV_lm, 1,294,0.111633
5,208_KAN_evDB_20140121a_PL2017,AV_lo, 1,294,0.717933
5,208_KAN_evDB_20140121a_PL2017,FW_hi, 1,294,1.132454
5,208_KAN_evDB_20140121a_PL2017,FW_lo, 1,294,-0.378355
5,209_KAN_evDB_20140224_PL2017,N_hi, 1,294,0.415492
5,209_KAN_evDB_20140224_PL2017,N_hm, 1,294,0.542125
5,209_KAN_evDB_20140224_PL2017,N_lm, 1,294,1.833242
5,209_KAN_evDB_20140224_PL2017,N_lo, 1,294,-0.714046
5,209_KAN_evDB_20140224_PL2017,AJ_hi, 1,294,0.933201
5,209_KAN_evDB_20140224_PL2017,AJ_hm, 1,294,0.422419
5,209_KAN_evDB_20140224_PL2017,AJ_lm, 1,294,-0.574444
5,209_KAN_evDB_20140224_PL2017,AJ_lo, 1,294,-0.654338
5,209_KAN_evDB_20140224_PL2017,V_hi, 1,294,0.725632
5,209_KAN_evDB_20140224_PL2017,V_hm, 1,294,0.904626
5,209_KAN_evDB_20140224_PL2017,V_lm, 1,294,2.036814
5,209_KAN_evDB_20140224_PL2017,V_lo, 1,294,1.425228
5,209_KAN_evDB_20140224_PL2017,AV_hi, 1,294,0.492340
5,209_KAN_evDB_20140224_PL2017,AV_hm, 1,294,0.789095
5,209_KAN_evDB_20140224_PL2017,AV_lm, 1,294,0.042135
5,209_KAN_evDB_20140224_PL2017,AV_lo, 1,294,1.651355
5,209_KAN_evDB_20140224_PL2017,FW_hi, 1,294,1.306107
5,209_KAN_evDB_20140224_PL2017,FW_lo, 1,294,0.069323
5,210_KAN_evDB_20140303a_PL2017,N_hi, 1,294,0.948183
5,210_KAN_evDB_20140303a_PL2017,N_hm, 1,294,0.271812
5,210_KAN_evDB_20140303a_PL2017,N_lm, 1,294,2.128764
5,210_KAN_evDB_20140303a_PL2017,N_lo, 1,294,1.809235
5,210_KAN_evDB_20140303a_PL2017,AJ_hi, 1,294,0.493152
5,210_KAN_evDB_20140303a_PL2017,AJ_hm, 1,294,-0.602339
5,210_KAN_evDB_20140303a_PL2017,AJ_lm, 1,294,1.234763
5,210_KAN_evDB_20140303a_PL2017,AJ_lo, 1,294,0.722389
5,210_KAN_evDB_20140303a_PL2017,V_hi, 1,294,1.251314
5,210_KAN_evDB_20140303a_PL2017,V_hm, 1,294,2.072947
5,210_KAN_evDB_20140303a_PL2017,V_lm, 1,294,0.723377
5,210_KAN_evDB_20140303a_PL2017,V_lo, 1,294,0.314961
5,210_KAN_evDB_20140303a_PL2017,AV_hi, 1,294,0.437101
5,210_KAN_evDB_20140303a_PL2017,AV_hm, 1,294,1.268830
5,210_KAN_evDB_20140303a_PL2017,AV_lm, 1,294,0.147787
5,210_KAN_evDB_20140303a_PL2017,AV_lo, 1,294,0.376995
5,210_KAN_evDB_20140303a_PL2017,FW_hi, 1,294,1.582702
5,210_KAN_evDB_20140303a_PL2017,FW_lo, 1,294,1.138831
5,211_KAN_evDB_20140303b_PL2017,N_hi, 1,294,2.046648
5,211_KAN_evDB_20140303b_PL2017,N_hm, 1,294,-0.096806
5,211_KAN_evDB_20140303b_PL2017,N_lm, 1,294,1.440748
5,211_KAN_evDB_20140303b_PL2017,N_lo, 1,294,0.779538
5,211_KAN_evDB_20140303b_PL2017,AJ_hi, 1,294,0.562239
5,211_KAN_evDB_20140303b_PL2017,AJ_hm, 1,294,0.995062
5,211_KAN_evDB_20140303b_PL2017,AJ_lm, 1,294,2.050012
5,211_KAN_evDB_20140303b_PL2017,AJ_lo, 1,294,1.975812
5,211_KAN_evDB_20140303b_PL2017,V_hi, 1,294,1.352576
5,211_KAN_evDB_20140303b_PL2017,V_hm, 1,294,1.690518
5,211_KAN_evDB_20140303b_PL2017,V_lm, 1,294,1.110091
5,211_KAN_evDB_20140303b_PL2017,V_lo, 1,294,2.183597
5,211_KAN_evDB_20140303b_PL2017,AV_hi, 1,294,1.474603
5,211_KAN_evDB_20140303b_PL2017,AV_hm, 1,294,2.896667
5,211_KAN_evDB_20140303b_PL2017,AV_lm, 1,294,1.765184
5,211_KAN_evDB_20140303b_PL2017,AV_lo, 1,294,1.869365
5,211_KAN_evDB_20140303b_PL2017,FW_hi, 1,294,1.394372
5,211_KAN_evDB_20140303b_PL2017,FW_lo, 1,294,2.429858
5,221_KAN_evDB_20140808_PL2017,N_hi, 1,294,3.103591
5,221_KAN_evDB_20140808_PL2017,N_hm, 1,294,0.841073
5,221_KAN_evDB_20140808_PL2017,N_lm, 1,294,1.299610
5,221_KAN_evDB_20140808_PL2017,N_lo, 1,294,2.568805
5,221_KAN_evDB_20140808_PL2017,AJ_hi, 1,294,1.681590
5,221_KAN_evDB_20140808_PL2017,AJ_hm, 1,294,4.187319
5,221_KAN_evDB_20140808_PL2017,AJ_lm, 1,294,3.036173
5,221_KAN_evDB_20140808_PL2017,AJ_lo, 1,294,-1.669757
5,221_KAN_evDB_20140808_PL2017,V_hi, 1,294,0.983374
5,221_KAN_evDB_20140808_PL2017,V_hm, 1,294,2.031488
5,221_KAN_evDB_20140808_PL2017,V_lm, 1,294,1.050031
5,221_KAN_evDB_20140808_PL2017,V_lo, 1,294,1.909068
5,221_KAN_evDB_20140808_PL2017,AV_hi, 1,294,0.607796
5,221_KAN_evDB_20140808_PL2017,AV_hm, 1,294,0.107523
5,221_KAN_evDB_20140808_PL2017,AV_lm, 1,294,3.957582
5,221_KAN_evDB_20140808_PL2017,AV_lo, 1,294,3.196184
5,221_KAN_evDB_20140808_PL2017,FW_hi, 1,294,3.764442
5,221_KAN_evDB_20140808_PL2017,FW_lo, 1,294,1.392038
5,223_KAN_evDB_20140820a_PL2017,N_hi, 1,294,2.894213
5,223_KAN_evDB_20140820a_PL2017,N_hm, 1,294,2.195145
5,223_KAN_evDB_20140820a_PL2017,N_lm, 1,294,-0.121076
5,223_KAN_evDB_20140820a_PL2017,N_lo, 1,294,4.664570
5,223_KAN_evDB_20140820a_PL2017,AJ_hi, 1,294,5.375890
5,223_KAN_evDB_20140820a_PL2017,AJ_hm, 1,294,3.073453
5,223_KAN_evDB_20140820a_PL2017,AJ_lm, 1,294,-0.735376
5,223_KAN_evDB_20140820a_PL2017,AJ_lo, 1,294,-1.274007
5,223_KAN_evDB_20140820a_PL2017,V_hi, 1,294,2.649963
5,223_KAN_evDB_20140820a_PL2017,V_hm, 1,294,3.460364
5,223_KAN_evDB_20140820a_PL2017,V_lm, 1,294,3.422879
5,223_KAN_evDB_20140820a_PL2017,V_lo, 1,294,0.036711
5,223_KAN_evDB_20140820a_PL2017,AV_hi, 1,294,0.788961
5,223_KAN_evDB_20140820a_PL2017,AV_hm, 1,294,0.256174
5,223_KAN_evDB_20140820a_PL2017,AV_lm, 1,294,2.369258
5,223_KAN_evDB_20140820a_PL2017,AV_lo, 1,294,4.427066
5,223_KAN_evDB_20140820a_PL2017,FW_hi, 1,294,0.308876
5,223_KAN_evDB_20140820a_PL2017,FW_lo, 1,294,2.658772
5,214_KAN_evDB_20141103b_PL2017,N_hi, 1,294,1.331002
5,214_KAN_evDB_20141103b_PL2017,N_hm, 1,294,1.836501
5,214_KAN_evDB_20141103b_PL2017,N_lm, 1,294,-0.319124
5,214_KAN_evDB_20141103b_PL2017,N_lo, 1,294,2.858689
5,214_KAN_evDB_20141103b_PL2017,AJ_hi, 1,294,4.650578
5,214_KAN_evDB_20141103b_PL2017,AJ_hm, 1,294,3.091332
5,214_KAN_evDB_20141103b_PL2017,AJ_lm, 1,294,-0.319386
5,214_KAN_evDB_20141103b_PL2017,AJ_lo, 1,294,1.423227
5,214_KAN_evDB_20141103b_PL2017,V_hi, 1,294,0.533870
5,214_KAN_evDB_20141103b_PL2017,V_hm, 1,294,0.746388
5,214_KAN_evDB_20141103b_PL2017,V_lm, 1,294,2.336631
5,214_KAN_evDB_20141103b_PL2017,V_lo, 1,294,0.004509
5,214_KAN_evDB_20141103b_PL2017,AV_hi, 1,294,2.123666
5,214_KAN_evDB_20141103b_PL2017,AV_hm, 1,294,2.500881
5,214_KAN_evDB_20141103b_PL2017,AV_lm, 1,294,1.235181
5,214_KAN_evDB_20141103b_PL2017,AV_lo, 1,294,2.529418
5,214_KAN_evDB_20141103b_PL2017,FW_hi, 1,294,-1.846574
5,214_KAN_evDB_20141103b_PL2017,FW_lo, 1,294,5.553012
5,240_KAN_evDB_20141103a_PL2017,N_hi, 1,294,0.225100
5,240_KAN_evDB_20141103a_PL2017,N_hm, 1,294,-1.124532
5,240_KAN_evDB_20141103a_PL2017,N_lm, 1,294,0.237955
5,240_KAN_evDB_20141103a_PL2017,N_lo, 1,294,-0.119940
5,240_KAN_evDB_20141103a_PL2017,AJ_hi, 1,294,-1.210664
5,240_KAN_evDB_20141103a_PL2017,AJ_hm, 1,294,0.996037
5,240_KAN_evDB_20141103a_PL2017,AJ_lm, 1,294,1.358265
5,240_KAN_evDB_20141103a_PL2017,AJ_lo, 1,294,-1.135891
5,240_KAN_evDB_20141103a_PL2017,V_hi, 1,294,0.542245
5,240_KAN_evDB_20141103a_PL2017,V_hm, 1,294,-0.536600
5,240_KAN_evDB_20141103a_PL2017,V_lm, 1,294,-0.536827
5,240_KAN_evDB_20141103a_PL2017,V_lo, 1,294,0.733848
5,240_KAN_evDB_20141103a_PL2017,AV_hi, 1,294,-0.465918
5,240_KAN_evDB_20141103a_PL2017,AV_hm, 1,294,-1.567895
5,240_KAN_evDB_20141103a_PL2017,AV_lm, 1,294,1.356209
5,240_KAN_evDB_20141103a_PL2017,AV_lo, 1,294,1.391185
5,240_KAN_evDB_20141103a_PL2017,FW_hi, 1,294,1.341522
5,240_KAN_evDB_20141103a_PL2017,FW_lo, 1,294,-2.135325
5,227_KAN_evDB_20141201c2_PL2017,N_hi, 1,294,0.558847
5,227_KAN_evDB_20141201c2_PL2017,N_hm, 1,294,0.891391
5,227_KAN_evDB_20141201c2_PL2017,N_lm, 1,294,0.288923
5,227_KAN_evDB_20141201c2_PL2017,N_lo, 1,294,1.766815
5,227_KAN_evDB_20141201c2_PL2017,AJ_hi, 1,294,1.536743
5,227_KAN_evDB_20141201c2_PL2017,AJ_hm, 1,294,0.369024
5,227_KAN_evDB_20141201c2_PL2017,AJ_lm, 1,294,2.409486
5,227_KAN_evDB_20141201c2_PL2017,AJ_lo, 1,294,1.054775
5,227_KAN_evDB_20141201c2_PL2017,V_hi, 1,294,1.255094
5,227_KAN_evDB_20141201c2_PL2017,V_hm, 1,294,1.819521
5,227_KAN_evDB_20141201c2_PL2017,V_lm, 1,294,-1.716433
5,227_KAN_evDB_20141201c2_PL2017,V_lo, 1,294,-1.483712
5,227_KAN_evDB_20141201c2_PL2017,AV_hi, 1,294,0.455066
5,227_KAN_evDB_20141201c2_PL2017,AV_hm, 1,294,0.297588
5,227_KAN_evDB_20141201c2_PL2017,AV_lm, 1,294,0.559739
5,227_KAN_evDB_20141201c2_PL2017,AV_lo, 1,294,0.601926
5,227_KAN_evDB_20141201c2_PL2017,FW_hi, 1,294,1.343108
5,227_KAN_evDB_20141201c2_PL2017,FW_lo, 1,294,1.832355
5,192_KAN_EvDB_20150211b_PL2017,N_hi, 1,294,-2.165672
5,192_KAN_EvDB_20150211b_PL2017,N_hm, 1,294,2.521374
5,192_KAN_EvDB_20150211b_PL2017,N_lm, 1,294,3.427618
5,192_KAN_EvDB_20150211b_PL2017,N_lo, 1,294,-1.139651
5,192_KAN_EvDB_20150211b_PL2017,AJ_hi, 1,294,-0.082581
5,192_KAN_EvDB_20150211b_PL2017,AJ_hm, 1,294,0.085799
5,192_KAN_EvDB_20150211b_PL2017,AJ_lm, 1,294,-1.399356
5,192_KAN_EvDB_20150211b_PL2017,AJ_lo, 1,294,0.146250
5,192_KAN_EvDB_20150211b_PL2017,V_hi, 1,294,-0.762458
5,192_KAN_EvDB_20150211b_PL2017,V_hm, 1,294,-2.491212
5,192_KAN_EvDB_20150211b_PL2017,V_lm, 1,294,1.806473
5,192_KAN_EvDB_20150211b_PL2017,V_lo, 1,294,1.345754
5,192_KAN_EvDB_20150211b_PL2017,AV_hi, 1,294,-0.326532
5,192_KAN_EvDB_20150211b_PL2017,AV_hm, 1,294,-1.197692
5,192_KAN_EvDB_20150211b_PL2017,AV_lm, 1,294,0.114549
5,192_KAN_EvDB_20150211b_PL2017,AV_lo, 1,294,-0.288823
5,192_KAN_EvDB_20150211b_PL2017,FW_hi, 1,294,2.344099
5,192_KAN_EvDB_20150211b_PL2017,FW_lo, 1,294,-3.807899
5,253_KAN_EvDB_20150211a_PL2017,N_hi, 1,294,3.122897
5,253_KAN_EvDB_20150211a_PL2017,N_hm, 1,294,-1.880465
5,253_KAN_EvDB_20150211a_PL2017,N_lm, 1,294,0.960203
5,253_KAN_EvDB_20150211a_PL2017,N_lo, 1,294,3.237801
5,253_KAN_EvDB_20150211a_PL2017,AJ_hi, 1,294,2.038393
5,253_KAN_EvDB_20150211a_PL2017,AJ_hm, 1,294,4.072390
5,253_KAN_EvDB_20150211a_PL2017,AJ_lm, 1,294,2.026646
5,253_KAN_EvDB_20150211a_PL2017,AJ_lo, 1,294,-0.627814
5,253_KAN_EvDB_20150211a_PL2017,V_hi, 1,294,5.193290
5,253_KAN_EvDB_20150211a_PL2017,V_hm, 1,294,6.594657
5,253_KAN_EvDB_20150211a_PL2017,V_lm, 1,294,1.192515
5,253_KAN_EvDB_20150211a_PL2017,V_lo, 1,294,1.494205
5,253_KAN_EvDB_20150211a_PL2017,AV_hi, 1,294,3.640304
5,253_KAN_EvDB_20150211a_PL2017,AV_hm, 1,294,2.320133
5,253_KAN_EvDB_20150211a_PL2017,AV_lm, 1,294,3.202031
5,253_KAN_EvDB_20150211a_PL2017,AV_lo, 1,294,5.002451
5,253_KAN_EvDB_20150211a_PL2017,FW_hi, 1,294,1.007614
5,253_KAN_EvDB_20150211a_PL2017,FW_lo, 1,294,6.789271
5,254_KAN_EvDB_20150211c_PL2017,N_hi, 1,294,-0.526732
5,254_KAN_EvDB_20150211c_PL2017,N_hm, 1,294,0.116571
5,254_KAN_EvDB_20150211c_PL2017,N_lm, 1,294,-0.202849
5,254_KAN_EvDB_20150211c_PL2017,N_lo, 1,294,0.430464
5,254_KAN_EvDB_20150211c_PL2017,AJ_hi, 1,294,1.535643
5,254_KAN_EvDB_20150211c_PL2017,AJ_hm, 1,294,0.404031
5,254_KAN_EvDB_20150211c_PL2017,AJ_lm, 1,294,0.530203
5,254_KAN_EvDB_20150211c_PL2017,AJ_lo, 1,294,-0.219769
5,254_KAN_EvDB_20150211c_PL2017,V_hi, 1,294,0.613919
5,254_KAN_EvDB_20150211c_PL2017,V_hm, 1,294,1.055440
5,254_KAN_EvDB_20150211c_PL2017,V_lm, 1,294,0.245841
5,254_KAN_EvDB_20150211c_PL2017,V_lo, 1,294,0.013762
5,254_KAN_EvDB_20150211c_PL2017,AV_hi, 1,294,0.691910
5,254_KAN_EvDB_20150211c_PL2017,AV_hm, 1,294,1.132664
5,254_KAN_EvDB_20150211c_PL2017,AV_lm, 1,294,-0.275639
5,254_KAN_EvDB_20150211c_PL2017,AV_lo, 1,294,0.140454
5,254_KAN_EvDB_20150211c_PL2017,FW_hi, 1,294,-1.459060
5,254_KAN_EvDB_20150211c_PL2017,FW_lo, 1,294,1.039761
5,117_KAN_EvDB_20150217c_PL2017,N_hi, 1,294,-0.596018
5,117_KAN_EvDB_20150217c_PL2017,N_hm, 1,294,-0.398696
5,117_KAN_EvDB_20150217c_PL2017,N_lm, 1,294,0.256219
5,117_KAN_EvDB_20150217c_PL2017,N_lo, 1,294,1.934282
5,117_KAN_EvDB_20150217c_PL2017,AJ_hi, 1,294,0.165372
5,117_KAN_EvDB_20150217c_PL2017,AJ_hm, 1,294,0.532880
5,117_KAN_EvDB_20150217c_PL2017,AJ_lm, 1,294,-0.227068
5,117_KAN_EvDB_20150217c_PL2017,AJ_lo, 1,294,-0.006803
5,117_KAN_EvDB_20150217c_PL2017,V_hi, 1,294,0.950424
5,117_KAN_EvDB_20150217c_PL2017,V_hm, 1,294,0.499969
5,117_KAN_EvDB_20150217c_PL2017,V_lm, 1,294,-0.511015
5,117_KAN_EvDB_20150217c_PL2017,V_lo, 1,294,-1.491381
5,117_KAN_EvDB_20150217c_PL2017,AV_hi, 1,294,0.791454
5,117_KAN_EvDB_20150217c_PL2017,AV_hm, 1,294,0.087136
5,117_KAN_EvDB_20150217c_PL2017,AV_lm, 1,294,-1.451587
5,117_KAN_EvDB_20150217c_PL2017,AV_lo, 1,294,-0.568302
5,117_KAN_EvDB_20150217c_PL2017,FW_hi, 1,294,-1.627742
5,117_KAN_EvDB_20150217c_PL2017,FW_lo, 1,294,1.313320
5,127_KAN_EvDB_20150217a_PL2017,N_hi, 1,294,0.554099
5,127_KAN_EvDB_20150217a_PL2017,N_hm, 1,294,1.157041
5,127_KAN_EvDB_20150217a_PL2017,N_lm, 1,294,0.528203
5,127_KAN_EvDB_20150217a_PL2017,N_lo, 1,294,0.946448
5,127_KAN_EvDB_20150217a_PL2017,AJ_hi, 1,294,1.315226
5,127_KAN_EvDB_20150217a_PL2017,AJ_hm, 1,294,-0.065290
5,127_KAN_EvDB_20150217a_PL2017,AJ_lm, 1,294,1.013509
5,127_KAN_EvDB_20150217a_PL2017,AJ_lo, 1,294,0.183443
5,127_KAN_EvDB_20150217a_PL2017,V_hi, 1,294,0.575068
5,127_KAN_EvDB_20150217a_PL2017,V_hm, 1,294,0.977666
5,127_KAN_EvDB_20150217a_PL2017,V_lm, 1,294,1.167102
5,127_KAN_EvDB_20150217a_PL2017,V_lo, 1,294,0.724961
5,127_KAN_EvDB_20150217a_PL2017,AV_hi, 1,294,1.681389
5,127_KAN_EvDB_20150217a_PL2017,AV_hm, 1,294,1.277167
5,127_KAN_EvDB_20150217a_PL2017,AV_lm, 1,294,0.457594
5,127_KAN_EvDB_20150217a_PL2017,AV_lo, 1,294,1.051082
5,127_KAN_EvDB_20150217a_PL2017,FW_hi, 1,294,0.207358
5,127_KAN_EvDB_20150217a_PL2017,FW_lo, 1,294,2.554145
5,259_KAN_EvDB_20150224c_PL2017,N_hi, 1,294,1.808106
5,259_KAN_EvDB_20150224c_PL2017,N_hm, 1,294,2.109919
5,259_KAN_EvDB_20150224c_PL2017,N_lm, 1,294,2.466758
5,259_KAN_EvDB_20150224c_PL2017,N_lo, 1,294,1.791996
5,259_KAN_EvDB_20150224c_PL2017,AJ_hi, 1,294,2.542126
5,259_KAN_EvDB_20150224c_PL2017,AJ_hm, 1,294,1.296294
5,259_KAN_EvDB_20150224c_PL2017,AJ_lm, 1,294,2.787833
5,259_KAN_EvDB_20150224c_PL2017,AJ_lo, 1,294,3.243648
5,259_KAN_EvDB_20150224c_PL2017,V_hi, 1,294,1.545605
5,259_KAN_EvDB_20150224c_PL2017,V_hm, 1,294,2.076202
5,259_KAN_EvDB_20150224c_PL2017,V_lm, 1,294,1.989171
5,259_KAN_EvDB_20150224c_PL2017,V_lo, 1,294,2.081117
5,259_KAN_EvDB_20150224c_PL2017,AV_hi, 1,294,2.741138
5,259_KAN_EvDB_20150224c_PL2017,AV_hm, 1,294,3.191747
5,259_KAN_EvDB_20150224c_PL2017,AV_lm, 1,294,1.943757
5,259_KAN_EvDB_20150224c_PL2017,AV_lo, 1,294,1.235827
5,259_KAN_EvDB_20150224c_PL2017,FW_hi, 1,294,2.523110
5,259_KAN_EvDB_20150224c_PL2017,FW_lo, 1,294,2.913899
5,264_KAN_EvDB_20150310c_PL2017,N_hi, 1,294,1.824410
5,264_KAN_EvDB_20150310c_PL2017,N_hm, 1,294,0.530100
5,264_KAN_EvDB_20150310c_PL2017,N_lm, 1,294,1.074786
5,264_KAN_EvDB_20150310c_PL2017,N_lo, 1,294,1.523159
5,264_KAN_EvDB_20150310c_PL2017,AJ_hi, 1,294,2.877285
5,264_KAN_EvDB_20150310c_PL2017,AJ_hm, 1,294,2.235340
5,264_KAN_EvDB_20150310c_PL2017,AJ_lm, 1,294,1.792487
5,264_KAN_EvDB_20150310c_PL2017,AJ_lo, 1,294,1.815035
5,264_KAN_EvDB_20150310c_PL2017,V_hi, 1,294,0.337859
5,264_KAN_EvDB_20150310c_PL2017,V_hm, 1,294,1.238783
5,264_KAN_EvDB_20150310c_PL2017,V_lm, 1,294,1.054355
5,264_KAN_EvDB_20150310c_PL2017,V_lo, 1,294,0.094062
5,264_KAN_EvDB_20150310c_PL2017,AV_hi, 1,294,0.914677
5,264_KAN_EvDB_20150310c_PL2017,AV_hm, 1,294,0.627679
5,264_KAN_EvDB_20150310c_PL2017,AV_lm, 1,294,1.864780
5,264_KAN_EvDB_20150310c_PL2017,AV_lo, 1,294,1.963917
5,264_KAN_EvDB_20150310c_PL2017,FW_hi, 1,294,1.626979
5,264_KAN_EvDB_20150310c_PL2017,FW_lo, 1,294,2.441764
